name,CPU Speed,CPU Type,Size (Main_Display),Resolution (Main Display),Technology (Main Display),Color Depth (Main Display),Max Refresh Rate (Main Display),S Pen Support,Rear Camera - Resolution (Multiple),Rear Camera - F Number (Multiple),Rear Camera - Auto Focus,Rear Camera - OIS,Rear Camera - Zoom,Front Camera - Resolution,Front Camera - F Number,Front Camera - Auto Focus,Rear Camera - Flash,Video Recording Resolution,Slow Motion,Memory_(GB),Storage (GB),Available Storage (GB),Number of SIM,SIM size,SIM Slot Type,Infra,2G GSM,3G UMTS,4G FDD LTE,4G TDD LTE,5G FDD Sub6,5G TDD Sub6,USB Interface,USB Version,Location Technology,Earjack,MHL,Wi-Fi,Wi-Fi Direct,Bluetooth Version,NFC,UWB (Ultra-Wideband),PC Sync.,OS,Form Factor,Sensors,"Dimension (HxWxD, mm)",Weight (g),Internet Usage Time(LTE) (Hours),Internet Usage Time(Wi-Fi) (Hours),"Video Playback Time (Hours, Wireless)","Battery Capacity (mAh, Typical)",Removable,"Audio Playback Time (Hours, Wireless)",Stereo Support,Video Playing Format,Video Playing Resolution,Audio Playing Format,Gear Support,Samsung DeX Support,Bluetooth® Hearing Aid Support,SmartThings Support,Mobile TV
Galaxy S24 Ultra,"3.39GHz, 3.1GHz, 2.9GHz, 2.2GHz",Octa-Core,"172.5mm (6.8"")",3120 x 1440 (Quad HD+),Dynamic AMOLED 2X,16M,120 Hz,Yes,200.0 MP + 50.0 MP + 12.0 MP + 10.0 MP,"F1.7 , F3.4 , F2.2 , F2.4",Yes,Yes,"Optical Zoom 3x and 5x, Optical quality Zoom 2x and 10x (Enabled by Adaptive Pixel sensor) , Digital Zoom up to 100x",12.0 MP,F2.2,Yes,Yes,UHD 8K (7680 x 4320) @30fps,"240fps @FHD, 120fps @UHD",12,512,484.0,Dual-SIM,"Nano-SIM (4FF), Embedded-SIM",SIM 1 + SIM 2 / SIM 1 + eSIM / Dual eSIM,"2G GSM, 3G WCDMA, 4G LTE FDD, 4G LTE TDD, 5G Sub6 FDD, 5G Sub6 TDD","GSM850, GSM900, DCS1800, PCS1900","B1(2100), B2(1900), B4(AWS), B5(850), B8(900)","B1(2100), B2(1900), B3(1800), B4(AWS), B5(850), B7(2600), B8(900), B12(700), B13(700), B17(700), B18(800), B19(800), B20(800), B25(1900), B26(850), B28(700), B66(AWS-3)","B38(2600), B39(1900), B40(2300), B41(2500)","N1(2100), N2(1900), N3(1800), N5(850), N7(2600), N8(900), N12(700), N20(800), N25(1900), N26(850), N28(700), N66(AWS-3)","N38(2600), N40(2300), N41(2500), N77(3700), N78(3500)",USB Type-C,USB 3.2 Gen 1,"GPS, Glonass, Beidou, Galileo, QZSS",USB Type-C,No,"802.11a/b/g/n/ac/ax/be 2.4GHz+5GHz+6GHz, EHT320, MIMO, 4096-QAM",Yes,Bluetooth v5.3,Yes,Yes,Smart Switch (PC version),Android,Touch Bar,"Accelerometer, Barometer, Fingerprint Sensor, Gyro Sensor, Geomagnetic Sensor, Hall Sensor, Light Sensor, Proximity Sensor",162.3 x 79.0 x 8.6,232,Up to 27,Up to 28,Up to 30,5000,No,Up to 95,Yes,"MP4, M4V, 3GP, 3G2, AVI, FLV, MKV, WEBM",UHD 8K (7680 x 4320) @60fps,"MP3, M4A, 3GA, AAC, OGG, OGA, WAV, AMR, AWB, FLAC, MID, MIDI, XMF, MXMF, IMY, RTTTL, RTX, OTA, DFF, DSF, APE","Galaxy Buds2 Pro, Galaxy Buds Pro, Galaxy Buds Live, Galaxy Buds+, Galaxy Buds2, Galaxy Buds, Galaxy Buds FE, Galaxy Fit2, Galaxy Fit e, Galaxy Fit, Galaxy Watch6, Galaxy Watch5, Galaxy Watch4, Galaxy Watch3, Galaxy Watch, Galaxy Watch Active2, Galaxy Watch Active",Yes,Android Audio Streaming for Hearing Aid(ASHA),Yes,No
Galaxy S24,"3.2GHz, 2.9GHz, 2.6GHz, 1.95GHz",Deca-Core,"156.4mm (6.2"")",2340 x 1080 (FHD+),Dynamic AMOLED 2X,16M,120 Hz,,50.0 MP + 10.0 MP + 12.0 MP,"F1.8 , F2.4 , F2.2",Yes,Yes,"Optical Zoom 3x, Optical quality Zoom 2x (Enabled by Adaptive Pixel sensor) , Digital Zoom up to 30x",12.0 MP,F2.2,Yes,Yes,UHD 8K (7680 x 4320) @30fps,"240fps @FHD, 120fps @UHD",8,256,231.2,Dual-SIM,"Nano-SIM (4FF), Embedded-SIM",SIM 1 + SIM 2 / SIM 1 + eSIM / Dual eSIM,"2G GSM, 3G WCDMA, 4G LTE FDD, 4G LTE TDD, 5G Sub6 FDD, 5G Sub6 TDD","GSM850, GSM900, DCS1800, PCS1900","B1(2100), B2(1900), B4(AWS), B5(850), B8(900)","B1(2100), B2(1900), B3(1800), B4(AWS), B5(850), B7(2600), B8(900), B12(700), B13(700), B17(700), B18(800), B19(800), B20(800), B25(1900), B26(850), B28(700), B66(AWS-3)","B38(2600), B39(1900), B40(2300), B41(2500)","N1(2100), N2(1900), N3(1800), N5(850), N7(2600), N8(900), N12(700), N20(800), N25(1900), N26(850), N28(700), N66(AWS-3)","N38(2600), N40(2300), N41(2500), N77(3700), N78(3500)",USB Type-C,USB 3.2 Gen 1,"GPS, Glonass, Beidou, Galileo, QZSS",USB Type-C,No,"802.11a/b/g/n/ac/ax 2.4GHz+5GHz+6GHz, HE160, MIMO, 1024-QAM",Yes,Bluetooth v5.3,Yes,,Smart Switch (PC version),Android,Touch Bar,"Accelerometer, Barometer, Fingerprint Sensor, Gyro Sensor, Geomagnetic Sensor, Hall Sensor, Light Sensor, Proximity Sensor",147.0 x 70.6 x 7.6,167,Up to 25,Up to 25,Up to 29,4000,No,Up to 78,Yes,"MP4, M4V, 3GP, 3G2, AVI, FLV, MKV, WEBM",UHD 8K (7680 x 4320) @60fps,"MP3, M4A, 3GA, AAC, OGG, OGA, WAV, AMR, AWB, FLAC, MID, MIDI, XMF, MXMF, IMY, RTTTL, RTX, OTA, DFF, DSF, APE","Galaxy Buds2 Pro, Galaxy Buds Pro, Galaxy Buds Live, Galaxy Buds+, Galaxy Buds2, Galaxy Buds, Galaxy Buds FE, Galaxy Fit2, Galaxy Fit e, Galaxy Fit, Galaxy Watch6, Galaxy Watch5, Galaxy Watch4, Galaxy Watch3, Galaxy Watch, Galaxy Watch Active2, Galaxy Watch Active",Yes,Android Audio Streaming for Hearing Aid(ASHA),Yes,No
Galaxy A25 5G,"2.4GHz, 2GHz",Octa-Core,"164.2mm (6.5"")",1080 x 2340 (FHD+),Super AMOLED,16M,120 Hz,,50.0 MP + 8.0 MP + 2.0 MP,"F1.8 , F2.2 , F2.4",Yes,Yes,,13.0 MP,F2.2,No,Yes,UHD 4K (3840 x 2160) @30fps,"480fps @HD, 240fps @HD",6,128GB,108.0,Dual-SIM,Nano-SIM (4FF),SIM 1 + Hybrid (SIM or MicroSD),"2G GSM, 3G WCDMA, 4G LTE FDD, 4G LTE TDD, 5G Sub6 FDD, 5G Sub6 TDD","GSM850, GSM900, DCS1800, PCS1900","B1(2100), B2(1900), B4(AWS), B5(850), B8(900)","B1(2100), B2(1900), B3(1800), B4(AWS), B5(850), B7(2600), B8(900), B12(700), B13(700), B17(700), B20(800), B26(850), B28(700), B66(AWS-3)","B38(2600), B40(2300), B41(2500)","N1(2100), N3(1800), N5(850), N7(2600), N8(900), N26(850), N28(700), N66(AWS-3)","N40(2300), N41(2500), N77(3700), N78(3500)",USB Type-C,USB 2.0,"GPS, Glonass, Beidou, Galileo, QZSS",3.5mm Stereo,No,"802.11a/b/g/n/ac 2.4GHz+5GHz, VHT80",Yes,Bluetooth v5.3,Yes,,Smart Switch (PC version),Android,Touch Bar,"Accelerometer, Fingerprint Sensor, Gyro Sensor, Geomagnetic Sensor, Light Sensor, Virtual Proximity Sensing",161.0 x 76.5 x 8.3,197,Up to 19,Up to 19,,5000,No,,Yes,"MP4, M4V, 3GP, 3G2, AVI, FLV, MKV, WEBM",UHD 4K (3840 x 2160) @30fps,"MP3, M4A, 3GA, AAC, OGG, OGA, WAV, AMR, AWB, FLAC, MID, MIDI, XMF, MXMF, IMY, RTTTL, RTX, OTA","Galaxy Buds2 Pro, Galaxy Buds Pro, Galaxy Buds Live, Galaxy Buds+, Galaxy Buds2, Galaxy Buds, Galaxy Buds FE, Galaxy Fit2, Galaxy Fit e, Galaxy Fit, Galaxy Watch6, Galaxy Watch5, Galaxy Watch4, Galaxy Watch3, Galaxy Watch, Galaxy Watch Active2, Galaxy Watch Active, Gear Fit2 Pro, Gear Fit2, Gear Sport, Gear S3, Gear S2",No,Android Audio Streaming for Hearing Aid(ASHA),Yes,No
Galaxy A15,"2.2GHz, 2GHz",Octa-Core,"163.9mm (6.5"")",1080 x 2340 (FHD+),Super AMOLED,16M,,,50.0 MP + 5.0 MP + 2.0 MP,"F1.8 , F2.2 , F2.4",Yes,No,,13.0 MP,F2.0,No,Yes,FHD (1920 x 1080) @30fps,120fps @HD,6,128GB,109.1,Dual-SIM,Nano-SIM (4FF),SIM 1 + Hybrid (SIM or MicroSD),"2G GSM, 3G WCDMA, 4G LTE FDD, 4G LTE TDD","GSM850, GSM900, DCS1800, PCS1900","B1(2100), B5(850), B8(900)","B1(2100), B3(1800), B5(850), B7(2600), B8(900), B20(800), B28(700)","B38(2600), B40(2300), B41(2500)",,,USB Type-C,USB 2.0,"GPS, Glonass, Beidou, Galileo, QZSS",3.5mm Stereo,No,"802.11a/b/g/n/ac 2.4GHz+5GHz, VHT80",Yes,Bluetooth v5.3,Yes,,Smart Switch (PC version),Android,Touch Bar,"Accelerometer, Fingerprint Sensor, Geomagnetic Sensor, Light Sensor, Virtual Proximity Sensing",160.1 x 76.8 x 8.4,200,Up to 19,Up to 19,,5000,No,,No,"MP4, M4V, 3GP, 3G2, AVI, FLV, MKV, WEBM",FHD (1920 x 1080) @60fps,"MP3, M4A, 3GA, AAC, OGG, OGA, WAV, AMR, AWB, FLAC, MID, MIDI, XMF, MXMF, IMY, RTTTL, RTX, OTA","Galaxy Buds2 Pro, Galaxy Buds Pro, Galaxy Buds Live, Galaxy Buds+, Galaxy Buds2, Galaxy Buds, Galaxy Buds FE, Galaxy Fit2, Galaxy Fit e, Galaxy Fit, Galaxy Watch6, Galaxy Watch5, Galaxy Watch4, Galaxy Watch3, Galaxy Watch, Galaxy Watch Active2, Galaxy Watch Active, Gear Fit2 Pro, Gear Fit2, Gear Sport, Gear S3, Gear S2",No,,Yes,No
Galaxy A05s,"2.4GHz, 1.9GHz",Octa-Core,"170.8mm (6.7"")",1080 x 2400 (FHD+),PLS LCD,16M,,,50.0 MP + 2.0 MP + 2.0 MP,"F1.8 , F2.4 , F2.4",Yes,No,,13.0 MP,F2.0,No,Yes,FHD (1920 x 1080) @60fps,120fps @HD,4,128GB,104.5,Dual-SIM,Nano-SIM (4FF),SIM 1 + SIM 2 + MicroSD,"2G GSM, 3G WCDMA, 4G LTE FDD, 4G LTE TDD","GSM850, GSM900, DCS1800","B1(2100), B5(850), B8(900)","B1(2100), B3(1800), B5(850), B7(2600), B8(900), B20(800), B28(700)","B38(2600), B40(2300), B41(2500)",,,USB Type-C,USB 2.0,"GPS, Glonass, Beidou, Galileo, QZSS",3.5mm Stereo,No,"802.11 a/b/g/n/ac 2.4G+5GHz, VHT80",Yes,Bluetooth v5.1,No,,Smart Switch (PC version),Android,Touch Bar,"Accelerometer, Fingerprint Sensor, Light Sensor, Proximity Sensor",168.0 x 77.8 x 8.8,194,,,,5000,No,,No,"MP4, M4V, 3GP, 3G2, AVI, FLV, MKV, WEBM",FHD (1920 x 1080) @60fps,"MP3, M4A, 3GA, AAC, OGG, OGA, WAV, AMR, AWB, FLAC, MID, MIDI, XMF, MXMF, IMY, RTTTL, RTX, OTA","Galaxy Buds2 Pro, Galaxy Buds Pro, Galaxy Buds Live, Galaxy Buds+, Galaxy Buds2, Galaxy Buds, Galaxy Fit2, Galaxy Fit e, Galaxy Fit, Galaxy Watch6, Galaxy Watch5, Galaxy Watch4, Galaxy Watch3, Galaxy Watch, Galaxy Watch Active2, Galaxy Watch Active, Gear Fit2 Pro, Gear Fit2, Gear Sport, Gear S3, Gear S2",No,,,No
Galaxy A05,"2GHz, 1.8GHz",Octa-Core,"171.3mm (6.7"")",720 x 1600 (HD+),PLS LCD,16M,,,50.0 MP + 2.0 MP,"F1.8 , F2.4",Yes,No,,8.0 MP,F2.0,No,Yes,FHD (1920 x 1080) @60fps,120fps @HD,4,128GB,102.1,Dual-SIM,Nano-SIM (4FF),,"2G GSM, 3G WCDMA, 4G LTE FDD, 4G LTE TDD","GSM850, GSM900, DCS1800","B1(2100), B5(850), B8(900)","B1(2100), B3(1800), B5(850), B7(2600), B8(900), B20(800), B28(700)","B38(2600), B40(2300), B41(2500)",,,USB Type-C,USB 2.0,"GPS, Glonass, Beidou, Galileo",3.5mm Stereo,No,"802.11 a/b/g/n/ac 2.4G+5GHz, VHT80",Yes,Bluetooth v5.3,,,Smart Switch (PC version),Android,Touch Bar,"Accelerometer, Light Sensor, Proximity Sensor",168.8 x 78.2 x 8.8,195,,,,5000,No,,No,"MP4, M4V, 3GP, 3G2, AVI, FLV, MKV, WEBM",FHD (1920 x 1080) @60fps,"MP3, M4A, 3GA, AAC, OGG, OGA, WAV, AMR, AWB, FLAC, MID, MIDI, XMF, MXMF, IMY, RTTTL, RTX, OTA","Galaxy Buds2 Pro, Galaxy Buds Pro, Galaxy Buds Live, Galaxy Buds+, Galaxy Buds2, Galaxy Buds, Galaxy Fit2, Galaxy Fit e, Galaxy Fit, Galaxy Watch6, Galaxy Watch5, Galaxy Watch4, Galaxy Watch3, Galaxy Watch, Galaxy Watch Active2, Galaxy Watch Active, Gear Fit2 Pro, Gear Fit2, Gear Sport, Gear S3, Gear S2",No,,,No
Galaxy S23 FE,"2.8GHz, 2.5GHz, 1.8GHz",Octa-Core,"163.1mm (6.4"")",1080 x 2340 (FHD+),Dynamic AMOLED 2X,16M,120 Hz,,50.0 MP + 12.0 MP + 8.0 MP,"F1.8 , F2.2 , F2.4",Yes,Yes,"Optical Zoom at 3x , Digital Zoom up to 30x",10.0 MP,F2.4,No,Yes,UHD 8K (7680 x 4320) @24fps,"960fps @HD, 240fps @FHD",8,128GB,100.7,Dual-SIM,"Nano-SIM (4FF), Embedded-SIM",SIM 1 + SIM 2 or Embedded SIM,"2G GSM, 3G WCDMA, 4G LTE FDD, 4G LTE TDD, 5G Sub6 FDD, 5G Sub6 TDD","GSM850, GSM900, DCS1800, PCS1900","B1(2100), B2(1900), B4(AWS), B5(850), B8(900)","B1(2100), B2(1900), B3(1800), B4(AWS), B5(850), B7(2600), B8(900), B12(700), B13(700), B17(700), B20(800), B26(850), B28(700), B66(AWS-3)","B38(2600), B40(2300), B41(2500)","N1(2100), N2(1900), N3(1800), N5(850), N7(2600), N8(900), N20(800), N28(700), N66(AWS-3)","N38(2600), N40(2300), N41(2500), N77(3700), N78(3500)",USB Type-C,USB 3.2 Gen 1,"GPS, Glonass, Beidou, Galileo, QZSS",USB Type-C,No,"802.11 a/b/g/n/ac/ax 2.4G+5GHz+6GHz, HE160, MIMO, 1024-QAM",Yes,Bluetooth v5.3,Yes,,Smart Switch (PC version),Android,Touch Bar,"Accelerometer, Barometer, Fingerprint Sensor, Gyro Sensor, Geomagnetic Sensor, Hall Sensor, Light Sensor, Virtual Proximity Sensing",158.0 x 76.5 x 8.2,209,Up to 19,Up to 20,Up to 22,4500,No,Up to 69,Yes,"MP4, M4V, 3GP, 3G2, AVI, FLV, MKV, WEBM",UHD 8K (7680 x 4320) @60fps,"MP3, M4A, 3GA, AAC, OGG, OGA, WAV, AMR, AWB, FLAC, MID, MIDI, XMF, MXMF, IMY, RTTTL, RTX, OTA, DFF, DSF, APE","Galaxy Buds2 Pro, Galaxy Buds Pro, Galaxy Buds Live, Galaxy Buds+, Galaxy Buds2, Galaxy Buds, Galaxy Fit2, Galaxy Fit e, Galaxy Fit, Galaxy Watch6, Galaxy Watch5, Galaxy Watch4, Galaxy Watch3, Galaxy Watch, Galaxy Watch Active2, Galaxy Watch Active, Gear Fit2 Pro, Gear Fit2, Gear Sport, Gear S3, Gear S2",Yes,Android Audio Streaming for Hearing Aid(ASHA),,No
Galaxy A54 5G,"2.4GHz, 2GHz",Octa-Core,"163.1mm (6.4"")",1080 x 2340 (FHD+),Super AMOLED,16M,120 Hz,,50.0 MP + 12.0 MP + 5.0 MP,"F1.8 , F2.2 , F2.4",Yes,Yes,,32.0 MP,F2.2,No,Yes,UHD 4K (3840 x 2160) @30fps,240fps @HD,8,256,219.0,Dual-SIM,Nano-SIM (4FF),SIM 1 + Hybrid (SIM or MicroSD),"2G GSM, 3G WCDMA, 4G LTE FDD, 4G LTE TDD, 5G Sub6 FDD, 5G Sub6 TDD","GSM850, GSM900, DCS1800, PCS1900","B1(2100), B2(1900), B4(AWS), B5(850), B8(900)","B1(2100), B2(1900), B3(1800), B4(AWS), B5(850), B7(2600), B8(900), B12(700), B13(700), B17(700), B20(800), B26(850), B28(700), B66(AWS-3)","B38(2600), B40(2300), B41(2500)","N1(2100), N3(1800), N5(850), N7(2600), N8(900), N28(700), N66(AWS-3)","N40(2300), N41(2500), N77(3700), N78(3500)",USB Type-C,USB 2.0,"GPS, Glonass, Beidou, Galileo, QZSS",USB Type-C,No,"802.11 a/b/g/n/ac/ax 2.4G+5GHz, HE80, MIMO, 1024-QAM",Yes,Bluetooth v5.3,Yes,,Smart Switch (PC version),Android,Touch Bar,"Accelerometer, Fingerprint Sensor, Gyro Sensor, Geomagnetic Sensor, Hall Sensor, Light Sensor, Virtual Proximity Sensing",158.2 x 76.7 x 8.2,202,Up to 20,Up to 19,Up to 21,5000,No,Up to 68,Yes,"MP4, M4V, 3GP, 3G2, AVI, FLV, MKV, WEBM",UHD 4K (3840 x 2160) @30fps,"MP3, M4A, 3GA, AAC, OGG, OGA, WAV, AMR, AWB, FLAC, MID, MIDI, XMF, MXMF, IMY, RTTTL, RTX, OTA","Galaxy Buds2 Pro, Galaxy Buds Pro, Galaxy Buds Live, Galaxy Buds+, Galaxy Buds2, Galaxy Buds, Galaxy Fit2, Galaxy Fit e, Galaxy Fit, Galaxy Watch5, Galaxy Watch4, Galaxy Watch3, Galaxy Watch, Galaxy Watch Active2, Galaxy Watch Active, Gear Fit2 Pro, Gear Fit2, Gear Sport, Gear S3, Gear S2",No,,,No
Galaxy A34 5G,"2.6GHz, 2GHz",Octa-Core,"166.5mm (6.6"")",1080 x 2340 (FHD+),Super AMOLED,16M,120 Hz,,48.0 MP + 8.0 MP + 5.0 MP,"F1.8 , F2.2 , F2.4",Yes,Yes,,13.0 MP,F2.2,No,Yes,UHD 4K (3840 x 2160) @30fps,"480fps @HD, 240fps @HD",8,256,218.0,Dual-SIM,Nano-SIM (4FF),SIM 1 + Hybrid (SIM or MicroSD),"2G GSM, 3G WCDMA, 4G LTE FDD, 4G LTE TDD, 5G Sub6 FDD, 5G Sub6 TDD","GSM850, GSM900, DCS1800, PCS1900","B1(2100), B2(1900), B4(AWS), B5(850), B8(900)","B1(2100), B2(1900), B3(1800), B4(AWS), B5(850), B7(2600), B8(900), B12(700), B17(700), B20(800), B26(850), B28(700), B66(AWS-3)","B38(2600), B40(2300), B41(2500)","N1(2100), N3(1800), N5(850), N7(2600), N8(900), N28(700), N66(AWS-3)","N40(2300), N41(2500), N77(3700), N78(3500)",USB Type-C,USB 2.0,"GPS, Glonass, Beidou, Galileo, QZSS",USB Type-C,No,"802.11 a/b/g/n/ac 2.4G+5GHz, VHT80 MIMO",Yes,Bluetooth v5.3,Yes,,Smart Switch (PC version),Android,Touch Bar,"Accelerometer, Fingerprint Sensor, Gyro Sensor, Geomagnetic Sensor, Hall Sensor, Light Sensor, Virtual Proximity Sensing",161.3 x 78.1 x 8.2,199,Up to 22,Up to 22,Up to 21,5000,No,Up to 84,Yes,"MP4, M4V, 3GP, 3G2, AVI, FLV, MKV, WEBM",UHD 4K (3840 x 2160) @30fps,"MP3, M4A, 3GA, AAC, OGG, OGA, WAV, AMR, AWB, FLAC, MID, MIDI, XMF, MXMF, IMY, RTTTL, RTX, OTA","Galaxy Buds2 Pro, Galaxy Buds Pro, Galaxy Buds Live, Galaxy Buds+, Galaxy Buds2, Galaxy Buds, Galaxy Fit2, Galaxy Fit e, Galaxy Fit, Galaxy Watch5, Galaxy Watch4, Galaxy Watch3, Galaxy Watch, Galaxy Watch Active2, Galaxy Watch Active, Gear Fit2 Pro, Gear Fit2, Gear Sport, Gear S3, Gear S2",No,,,No
Galaxy A24,"2.2GHz, 2GHz",Octa-Core,"164.2mm (6.5"")",1080 x 2340 (FHD+),Super AMOLED,16M,,,50.0 MP + 5.0 MP + 2.0 MP,"F1.8 , F2.2 , F2.4",Yes,Yes,,13.0 MP,F2.2,No,Yes,FHD (1920 x 1080) @30fps,120fps @HD,6,128GB,101.3,Dual-SIM,Nano-SIM (4FF),SIM 1 + SIM 2 + MicroSD,"2G GSM, 3G WCDMA, 4G LTE FDD, 4G LTE TDD","GSM850, GSM900, DCS1800, PCS1900","B1(2100), B5(850), B8(900)","B1(2100), B3(1800), B5(850), B7(2600), B8(900), B20(800), B28(700)","B38(2600), B40(2300), B41(2500)",,,USB Type-C,USB 2.0,"GPS, Glonass, Beidou, Galileo, QZSS",3.5mm Stereo,No,"802.11 a/b/g/n/ac 2.4G+5GHz, VHT80",Yes,Bluetooth v5.3,Yes,,Smart Switch (PC version),Android,Touch Bar,"Accelerometer, Fingerprint Sensor, Gyro Sensor, Geomagnetic Sensor, Light Sensor, Virtual Proximity Sensing",162.1 x 77.6 x 8.3,195,Up to 21,Up to 21,,5000,No,,No,"MP4, M4V, 3GP, 3G2, AVI, FLV, MKV, WEBM",FHD (1920 x 1080) @60fps,"MP3, M4A, 3GA, AAC, OGG, OGA, WAV, AMR, AWB, FLAC, MID, MIDI, XMF, MXMF, IMY, RTTTL, RTX, OTA","Galaxy Buds2 Pro, Galaxy Buds Pro, Galaxy Buds Live, Galaxy Buds+, Galaxy Buds2, Galaxy Buds, Galaxy Fit2, Galaxy Fit e, Galaxy Fit, Galaxy Watch5, Galaxy Watch4, Galaxy Watch3, Galaxy Watch, Galaxy Watch Active2, Galaxy Watch Active, Gear Fit2 Pro, Gear Fit2, Gear Sport, Gear S3, Gear S2",No,,,No
Galaxy Z Flip5,"3.36GHz, 2.8GHz, 2GHz",Octa-Core,"170.3mm (6.7"")",2640 x 1080 (FHD+),Dynamic AMOLED 2X,16M,120 Hz,,12.0 MP + 12.0 MP,"F1.8 , F2.2",Yes,Yes,Digital Zoom up to 10x,10.0 MP,F2.2,No,Yes,UHD 4K (3840 x 2160) @60fps,"960fps @FHD, 240fps @FHD",8,512,453.7,Dual-SIM,,SIM 1 + Embedded SIM,"2G GSM, 3G WCDMA, 4G LTE FDD, 4G LTE TDD, 5G Sub6 FDD, 5G Sub6 TDD","GSM850, GSM900, DCS1800, PCS1900","B1(2100), B2(1900), B4(AWS), B5(850), B8(900)","B1(2100), B2(1900), B3(1800), B4(AWS), B5(850), B7(2600), B8(900), B12(700), B13(700), B17(700), B18(800), B19(800), B20(800), B25(1900), B26(850), B28(700), B66(AWS-3)","B38(2600), B39(1900), B40(2300), B41(2500)","N1(2100), N2(1900), N3(1800), N5(850), N7(2600), N8(900), N12(700), N20(800), N25(1900), N28(700), N66(AWS-3)","N38(2600), N40(2300), N41(2500), N77(3700), N78(3500)",USB Type-C,USB 3.2 Gen 1,"GPS, Glonass, Beidou, Galileo, QZSS",USB Type-C,No,"802.11 a/b/g/n/ac/ax 2.4G+5GHz+6GHz, HE160, MIMO, 1024-QAM",Yes,Bluetooth v5.3,Yes,,Smart Switch (PC version),Android,Flip,"Accelerometer, Barometer, Fingerprint Sensor, Gyro Sensor, Geomagnetic Sensor, Hall Sensor, Light Sensor, Proximity Sensor",165.1 x 71.9 x 6.9,187,Up to 17,Up to 17,Up to 20,3700,No,Up to 57,Yes,"MP4, M4V, 3GP, 3G2, AVI, FLV, MKV, WEBM",UHD 8K (7680 x 4320) @60fps,"MP3, M4A, 3GA, AAC, OGG, OGA, WAV, AMR, AWB, FLAC, MID, MIDI, XMF, MXMF, IMY, RTTTL, RTX, OTA, DFF, DSF, APE","Galaxy Buds2 Pro, Galaxy Buds Pro, Galaxy Buds Live, Galaxy Buds+, Galaxy Buds2, Galaxy Buds, Galaxy Fit2, Galaxy Fit e, Galaxy Fit, Galaxy Watch6, Galaxy Watch5, Galaxy Watch4, Galaxy Watch3, Galaxy Watch, Galaxy Watch Active2, Galaxy Watch Active, Gear Fit2 Pro, Gear Fit2, Gear Sport, Gear S3, Gear S2",No,Android Audio Streaming for Hearing Aid(ASHA),,No
Galaxy Z Fold5,"3.36GHz, 2.8GHz, 2GHz",Octa-Core,"192.1mm (7.6"")",2176 x 1812 (QXGA+),Dynamic AMOLED 2X,16M,120 Hz,Yes,50.0 MP + 12.0 MP + 10.0 MP,"F1.8 , F2.2 , F2.4",Yes,Yes,"Optical Zoom at 3x , Digital Zoom up to 30x",,,,Yes,UHD 8K (7680 x 4320) @30fps,"960fps @FHD, 240fps @FHD",12,512,453.3,Dual-SIM,"Nano-SIM (4FF), Embedded-SIM",SIM 1 + SIM 2 or Embedded SIM,"2G GSM, 3G WCDMA, 4G LTE FDD, 4G LTE TDD, 5G Sub6 FDD, 5G Sub6 TDD","GSM850, GSM900, DCS1800, PCS1900","B1(2100), B2(1900), B4(AWS), B5(850), B8(900)","B1(2100), B2(1900), B3(1800), B4(AWS), B5(850), B7(2600), B8(900), B12(700), B13(700), B17(700), B18(800), B19(800), B20(800), B25(1900), B26(850), B28(700), B66(AWS-3)","B38(2600), B39(1900), B40(2300), B41(2500)","N1(2100), N2(1900), N3(1800), N5(850), N7(2600), N8(900), N12(700), N20(800), N25(1900), N28(700), N66(AWS-3)","N38(2600), N40(2300), N41(2500), N77(3700), N78(3500)",USB Type-C,USB 3.2 Gen 1,"GPS, Glonass, Beidou, Galileo, QZSS",USB Type-C,No,"802.11 a/b/g/n/ac/ax 2.4G+5GHz+6GHz, HE160, MIMO, 1024-QAM",Yes,Bluetooth v5.3,Yes,Yes,Smart Switch (PC version),Android,Folder,"Accelerometer, Barometer, Fingerprint Sensor, Gyro Sensor, Geomagnetic Sensor, Hall Sensor, Light Sensor, Proximity Sensor",154.9 x 129.9 x 6.1,253,Up to 17,Up to 18,Up to 21,4400,No,Up to 73,Yes,"MP4, M4V, 3GP, 3G2, AVI, FLV, MKV, WEBM",UHD 8K (7680 x 4320) @60fps,"MP3, M4A, 3GA, AAC, OGG, OGA, WAV, AMR, AWB, FLAC, MID, MIDI, XMF, MXMF, IMY, RTTTL, RTX, OTA, DFF, DSF, APE","Galaxy Buds2 Pro, Galaxy Buds Pro, Galaxy Buds Live, Galaxy Buds+, Galaxy Buds2, Galaxy Buds, Galaxy Fit2, Galaxy Fit e, Galaxy Fit, Galaxy Watch6, Galaxy Watch5, Galaxy Watch4, Galaxy Watch3, Galaxy Watch, Galaxy Watch Active2, Galaxy Watch Active, Gear Fit2 Pro, Gear Fit2, Gear Sport, Gear S3, Gear S2",Yes,Android Audio Streaming for Hearing Aid(ASHA),,No
Galaxy A04e,"2.3GHz, 1.8GHz",Octa-Core,"165.5mm (6.5"")",720 x 1600 (HD+),PLS LCD,16M,,,13.0 MP + 2.0 MP,"F2.2 , F2.4",Yes,No,,5.0 MP,F2.2,No,Yes,FHD (1920 x 1080) @30fps,,3,32,18.9,Dual-SIM,Nano-SIM (4FF),SIM 1 + SIM 2 + MicroSD,"2G GSM, 3G WCDMA, 4G LTE FDD, 4G LTE TDD","GSM850, GSM900, DCS1800","B1(2100), B5(850), B8(900)","B1(2100), B3(1800), B5(850), B7(2600), B8(900), B20(800), B28(700)","B38(2600), B40(2300), B41(2500)",,,USB Type-C,USB 2.0,"GPS, Glonass, Beidou, Galileo",3.5mm Stereo,No,802.11 b/g/n 2.4GHz,Yes,Bluetooth v5.0,,,Smart Switch (PC version),Android,Touch Bar,"Accelerometer, Light Sensor, Proximity Sensor",164.2 x 75.9 x 9.1,188,,,,5000,No,,No,"MP4, M4V, 3GP, 3G2, AVI, FLV, MKV, WEBM",FHD (1920 x 1080) @30fps,"MP3, M4A, 3GA, AAC, OGG, OGA, WAV, AMR, AWB, FLAC, MID, MIDI, XMF, MXMF, IMY, RTTTL, RTX, OTA","Galaxy Buds2 Pro, Galaxy Buds Pro, Galaxy Buds Live, Galaxy Buds+, Galaxy Buds2, Galaxy Buds, Galaxy Fit2, Galaxy Fit e, Galaxy Fit, Galaxy Watch5, Galaxy Watch4, Galaxy Watch3, Galaxy Watch, Galaxy Watch Active2, Galaxy Watch Active, Gear Fit2 Pro, Gear Fit2, Gear Sport, Gear S3, Gear S2, Gear IconX (2018)",No,,,No
Galaxy A04s,2GHz,Octa-Core,"165.5mm (6.5"")",720 x 1600 (HD+),PLS LCD,16M,90 Hz,,50.0 MP + 2.0 MP + 2.0 MP,"F1.8 , F2.4 , F2.4",Yes,No,,5.0 MP,F2.2,No,Yes,FHD (1920 x 1080) @30fps,,4,64,47.2,Dual-SIM,Nano-SIM (4FF),SIM 1 + SIM 2 + MicroSD,"2G GSM, 3G WCDMA, 4G LTE FDD, 4G LTE TDD","GSM850, GSM900, DCS1800","B1(2100), B5(850), B8(900)","B1(2100), B3(1800), B5(850), B7(2600), B8(900), B20(800), B28(700)","B38(2600), B40(2300), B41(2500)",,,USB Type-C,USB 2.0,"GPS, Glonass, Beidou, Galileo, QZSS",3.5mm Stereo,No,"802.11 a/b/g/n/ac 2.4G+5GHz, VHT80",Yes,Bluetooth v5.0,No,,Smart Switch (PC version),Android,Touch Bar,"Accelerometer, Fingerprint Sensor, Virtual Light Sensing, Virtual Proximity Sensing",164.7 x 76.7 x 9.1,195,Up to 21,Up to 21,,5000,No,,No,"MP4, M4V, 3GP, 3G2, AVI, FLV, MKV, WEBM",FHD (1920 x 1080) @60fps,"MP3, M4A, 3GA, AAC, OGG, OGA, WAV, AMR, AWB, FLAC, MID, MIDI, XMF, MXMF, IMY, RTTTL, RTX, OTA","Galaxy Buds2 Pro, Galaxy Buds Pro, Galaxy Buds Live, Galaxy Buds+, Galaxy Buds2, Galaxy Buds, Galaxy Fit2, Galaxy Fit e, Galaxy Fit, Galaxy Watch5, Galaxy Watch4, Galaxy Watch3, Galaxy Watch, Galaxy Watch Active2, Galaxy Watch Active, Gear Fit2 Pro, Gear Fit2, Gear Sport, Gear S3, Gear S2, Gear IconX (2018)",No,,,No
Galaxy A14,2GHz,Octa-Core,"167.2mm (6.6"")",1080 x 2408 (FHD+),PLS LCD,16M,,,50.0 MP + 5.0 MP + 2.0 MP,"F1.8 , F2.2 , F2.4",Yes,No,,13.0 MP,F2.0,No,Yes,FHD (1920 x 1080) @30fps,,6,128GB,103.4,Dual-SIM,Nano-SIM (4FF),SIM 1 + SIM 2 + MicroSD,"2G GSM, 3G WCDMA, 4G LTE FDD, 4G LTE TDD","GSM850, GSM900, DCS1800, PCS1900","B1(2100), B5(850), B8(900)","B1(2100), B3(1800), B5(850), B7(2600), B8(900), B20(800), B28(700)","B38(2600), B40(2300), B41(2500)",,,USB Type-C,USB 2.0,"GPS, Glonass, Beidou, Galileo, QZSS",3.5mm Stereo,No,802.11 a/b/g/n/ac 2.4+5GHz,Yes,Bluetooth v5.1,No,,Smart Switch (PC version),Android,Touch Bar,"Accelerometer, Fingerprint Sensor, Geomagnetic Sensor, Light Sensor, Proximity Sensor",167.7 x 78.0 x 9.1,201,Up to 21,Up to 21,,5000,No,,No,"MP4, M4V, 3GP, 3G2, AVI, FLV, MKV, WEBM",FHD (1920 x 1080) @60fps,"MP3, M4A, 3GA, AAC, OGG, OGA, WAV, AMR, AWB, FLAC, MID, MIDI, XMF, MXMF, IMY, RTTTL, RTX, OTA","Galaxy Buds2 Pro, Galaxy Buds Pro, Galaxy Buds Live, Galaxy Buds+, Galaxy Buds2, Galaxy Buds, Galaxy Fit2, Galaxy Fit e, Galaxy Fit, Galaxy Watch5, Galaxy Watch4, Galaxy Watch3, Galaxy Watch, Galaxy Watch Active2, Galaxy Watch Active, Gear Fit2 Pro, Gear Fit2, Gear Sport, Gear S3, Gear S2",No,,,No
Galaxy Z Fold4,"3.18GHz, 2.7GHz, 2GHz",Octa-Core,"192.1mm (7.6"")",2176 x 1812 (QXGA+),Dynamic AMOLED 2X,16M,120 Hz,Yes,50.0 MP + 12.0 MP + 10.0 MP,"F1.8 , F2.2 , F2.4",Yes,Yes,"Optical Zoom at 3x , Digital Zoom up to 30x",,,,Yes,UHD 8K (7680 x 4320) @24fps,"960fps @HD, 240fps @FHD",12,256,216.3,Dual-SIM,"Nano-SIM (4FF), Embedded-SIM",SIM 1 + SIM 2 or Embedded SIM,"2G GSM, 3G WCDMA, 4G LTE FDD, 4G LTE TDD, 5G Sub6 FDD, 5G Sub6 TDD","GSM850, GSM900, DCS1800, PCS1900","B1(2100), B2(1900), B4(AWS), B5(850), B8(900)","B1(2100), B2(1900), B3(1800), B4(AWS), B5(850), B7(2600), B8(900), B12(700), B13(700), B17(700), B18(800), B19(800), B20(800), B25(1900), B26(850), B28(700), B66(AWS-3)","B38(2600), B39(1900), B40(2300), B41(2500)","N1(2100), N2(1900), N3(1800), N5(850), N7(2600), N8(900), N12(700), N20(800), N25(1900), N28(700), N66(AWS-3)","N38(2600), N40(2300), N41(2500), N77(3700), N78(3500)",USB Type-C,USB 3.2 Gen 1,"GPS, Glonass, Beidou, Galileo, QZSS",USB Type-C,No,"802.11 a/b/g/n/ac/ax 2.4G+5GHz+6GHz, HE160, MIMO, 1024-QAM",Yes,Bluetooth v5.2,Yes,Yes,Smart Switch (PC version),Android,Folder,"Accelerometer, Barometer, Fingerprint Sensor, Gyro Sensor, Geomagnetic Sensor, Hall Sensor, Light Sensor, Proximity Sensor",155.1 x 130.1 x 6.3,263,Up to 16,Up to 16,Up to 20,4400,No,Up to 72,Yes,"MP4, M4V, 3GP, 3G2, AVI, FLV, MKV, WEBM",UHD 8K (7680 x 4320) @60fps,"MP3, M4A, 3GA, AAC, OGG, OGA, WAV, AMR, AWB, FLAC, MID, MIDI, XMF, MXMF, IMY, RTTTL, RTX, OTA, DFF, DSF, APE","Galaxy Buds2 Pro, Galaxy Buds Pro, Galaxy Buds Live, Galaxy Buds+, Galaxy Buds2, Galaxy Buds, Galaxy Fit2, Galaxy Fit e, Galaxy Fit, Galaxy Watch5, Galaxy Watch4, Galaxy Watch3, Galaxy Watch, Galaxy Watch Active2, Galaxy Watch Active, Gear Fit2 Pro, Gear Fit2, Gear Sport, Gear S3, Gear S2, Gear IconX (2018)",Yes,,,No
Galaxy S23 Ultra,"3.36GHz, 2.8GHz, 2GHz",Octa-Core,"173.1mm (6.8"")",3088 x 1440 (Quad HD+),Dynamic AMOLED 2X,16M,120 Hz,Yes,200.0 MP + 10.0 MP + 12.0 MP + 10.0 MP,"F1.7 , F4.9 , F2.2 , F2.4",Yes,Yes,"Optical Zoom at 3x and 10x , Digital Zoom up to 100x",12.0 MP,F2.2,Yes,Yes,UHD 8K (7680 x 4320) @30fps,"960fps @FHD, 240fps @FHD",12,512,453.7,Dual-SIM,"Nano-SIM (4FF), Embedded-SIM",SIM 1 + SIM 2 or Embedded SIM,"2G GSM, 3G WCDMA, 4G LTE FDD, 4G LTE TDD, 5G Sub6 FDD, 5G Sub6 TDD","GSM850, GSM900, DCS1800, PCS1900","B1(2100), B2(1900), B4(AWS), B5(850), B8(900)","B1(2100), B2(1900), B3(1800), B4(AWS), B5(850), B7(2600), B8(900), B12(700), B13(700), B17(700), B18(800), B19(800), B20(800), B25(1900), B26(850), B28(700), B66(AWS-3)","B38(2600), B39(1900), B40(2300), B41(2500)","N1(2100), N2(1900), N3(1800), N5(850), N7(2600), N8(900), N12(700), N20(800), N25(1900), N28(700), N66(AWS-3)","N38(2600), N40(2300), N41(2500), N77(3700), N78(3500)",USB Type-C,USB 3.2 Gen 1,"GPS, Glonass, Beidou, Galileo, QZSS",USB Type-C,No,"802.11 a/b/g/n/ac/ax 2.4G+5GHz+6GHz, HE160, MIMO, 1024-QAM",Yes,Bluetooth v5.3,Yes,Yes,Smart Switch (PC version),Android,Touch Bar,"Accelerometer, Barometer, Fingerprint Sensor, Gyro Sensor, Geomagnetic Sensor, Hall Sensor, Light Sensor, Proximity Sensor",163.4 x 78.1 x 8.9,233,Up to 25,Up to 25,Up to 26,5000,No,Up to 99,Yes,"MP4, M4V, 3GP, 3G2, AVI, FLV, MKV, WEBM",UHD 8K (7680 x 4320) @60fps,"MP3, M4A, 3GA, AAC, OGG, OGA, WAV, AMR, AWB, FLAC, MID, MIDI, XMF, MXMF, IMY, RTTTL, RTX, OTA, DFF, DSF, APE","Galaxy Buds2 Pro, Galaxy Buds Pro, Galaxy Buds Live, Galaxy Buds+, Galaxy Buds2, Galaxy Buds, Galaxy Fit2, Galaxy Fit e, Galaxy Fit, Galaxy Watch5, Galaxy Watch4, Galaxy Watch3, Galaxy Watch, Galaxy Watch Active2, Galaxy Watch Active, Gear Fit2 Pro, Gear Fit2, Gear Sport, Gear S3, Gear S2",Yes,,,No
Galaxy S23,"3.36GHz, 2.8GHz, 2GHz",Octa-Core,"153.9mm (6.1"")",2340 x 1080 (FHD+),Dynamic AMOLED 2X,16M,120 Hz,,50.0 MP + 10.0 MP + 12.0 MP,"F1.8 , F2.4 , F2.2",Yes,Yes,"Optical Zoom at 3x , Digital Zoom up to 30x",12.0 MP,F2.2,Yes,Yes,UHD 8K (7680 x 4320) @30fps,"960fps @FHD, 240fps @FHD",8,256,217.4,Dual-SIM,"Nano-SIM (4FF), Embedded-SIM",SIM 1 + SIM 2 or Embedded SIM,"2G GSM, 3G WCDMA, 4G LTE FDD, 4G LTE TDD, 5G Sub6 FDD, 5G Sub6 TDD","GSM850, GSM900, DCS1800, PCS1900","B1(2100), B2(1900), B4(AWS), B5(850), B8(900)","B1(2100), B2(1900), B3(1800), B4(AWS), B5(850), B7(2600), B8(900), B12(700), B13(700), B17(700), B18(800), B19(800), B20(800), B25(1900), B26(850), B28(700), B66(AWS-3)","B38(2600), B39(1900), B40(2300), B41(2500)","N1(2100), N2(1900), N3(1800), N5(850), N7(2600), N8(900), N12(700), N20(800), N25(1900), N28(700), N66(AWS-3)","N38(2600), N40(2300), N41(2500), N77(3700), N78(3500)",USB Type-C,USB 3.2 Gen 1,"GPS, Glonass, Beidou, Galileo, QZSS",USB Type-C,No,"802.11 a/b/g/n/ac/ax 2.4G+5GHz+6GHz, HE160, MIMO, 1024-QAM",Yes,Bluetooth v5.3,Yes,,Smart Switch (PC version),Android,Touch Bar,"Accelerometer, Barometer, Fingerprint Sensor, Gyro Sensor, Geomagnetic Sensor, Hall Sensor, Light Sensor, Proximity Sensor",146.3 x 70.9 x 7.6,168,Up to 20,Up to 20,Up to 22,3900,No,Up to 71,Yes,"MP4, M4V, 3GP, 3G2, AVI, FLV, MKV, WEBM",UHD 8K (7680 x 4320) @60fps,"MP3, M4A, 3GA, AAC, OGG, OGA, WAV, AMR, AWB, FLAC, MID, MIDI, XMF, MXMF, IMY, RTTTL, RTX, OTA, DFF, DSF, APE","Galaxy Buds2 Pro, Galaxy Buds Pro, Galaxy Buds Live, Galaxy Buds+, Galaxy Buds2, Galaxy Buds, Galaxy Fit2, Galaxy Fit e, Galaxy Fit, Galaxy Watch5, Galaxy Watch4, Galaxy Watch3, Galaxy Watch, Galaxy Watch Active2, Galaxy Watch Active, Gear Fit2 Pro, Gear Fit2, Gear Sport, Gear S3, Gear S2",Yes,,,No
Galaxy A04,"2.3GHz, 1.8GHz",Octa-Core,"165.5mm (6.5"")",720 x 1600 (HD+),PLS LCD,16M,,,50.0 MP + 2.0 MP,"F1.8 , F2.4",Yes,No,,5.0 MP,F2.2,No,Yes,FHD (1920 x 1080) @30fps,,4,64,47.3,Dual-SIM,Nano-SIM (4FF),SIM 1 + SIM 2 + MicroSD,"2G GSM, 3G WCDMA, 4G LTE FDD, 4G LTE TDD","GSM850, GSM900, DCS1800","B1(2100), B5(850), B8(900)","B1(2100), B3(1800), B5(850), B7(2600), B8(900), B20(800), B28(700)","B38(2600), B40(2300), B41(2500)",,,USB Type-C,USB 2.0,"GPS, Glonass, Beidou, Galileo",3.5mm Stereo,No,802.11 a/b/g/n/ac 2.4+5GHz,Yes,Bluetooth v5.0,,,Smart Switch (PC version),Android,Touch Bar,"Accelerometer, Light Sensor, Proximity Sensor",164.4 x 76.3 x 9.1,192,,,,5000,No,,No,"MP4, M4V, 3GP, 3G2, AVI, FLV, MKV, WEBM",FHD (1920 x 1080) @30fps,"MP3, M4A, 3GA, AAC, OGG, OGA, WAV, AMR, AWB, FLAC, MID, MIDI, XMF, MXMF, IMY, RTTTL, RTX, OTA","Galaxy Buds2 Pro, Galaxy Buds Pro, Galaxy Buds Live, Galaxy Buds+, Galaxy Buds2, Galaxy Buds, Galaxy Fit2, Galaxy Fit e, Galaxy Fit, Galaxy Watch5, Galaxy Watch4, Galaxy Watch3, Galaxy Watch, Galaxy Watch Active2, Galaxy Watch Active, Gear Fit2 Pro, Gear Fit2, Gear Sport, Gear S3, Gear S2, Gear IconX (2018)",No,,,No
Galaxy Z Flip4,"3.18GHz, 2.7GHz, 2GHz",Octa-Core,"170.3mm (6.7"")",2640 x 1080 (FHD+),Dynamic AMOLED 2X,16M,120 Hz,,12.0 MP + 12.0 MP,"F1.8 , F2.2",Yes,Yes,Digital Zoom up to 10x,10.0 MP,F2.4,No,Yes,UHD 4K (3840 x 2160) @60fps,"960fps @HD, 240fps @FHD",8,512,455.4,Dual-SIM,,SIM 1 + Embedded SIM,"2G GSM, 3G WCDMA, 4G LTE FDD, 4G LTE TDD, 5G Sub6 FDD, 5G Sub6 TDD","GSM850, GSM900, DCS1800, PCS1900","B1(2100), B2(1900), B4(AWS), B5(850), B8(900)","B1(2100), B2(1900), B3(1800), B4(AWS), B5(850), B7(2600), B8(900), B12(700), B13(700), B17(700), B18(800), B19(800), B20(800), B25(1900), B26(850), B28(700), B66(AWS-3)","B38(2600), B39(1900), B40(2300), B41(2500)","N1(2100), N2(1900), N3(1800), N5(850), N7(2600), N8(900), N12(700), N20(800), N25(1900), N28(700), N66(AWS-3)","N38(2600), N40(2300), N41(2500), N77(3700), N78(3500)",USB Type-C,USB 2.0,"GPS, Glonass, Beidou, Galileo, QZSS",USB Type-C,No,"802.11 a/b/g/n/ac/ax 2.4G+5GHz, HE160, MIMO, 1024-QAM",Yes,Bluetooth v5.2,Yes,,Smart Switch (PC version),Android,Flip,"Accelerometer, Barometer, Fingerprint Sensor, Gyro Sensor, Geomagnetic Sensor, Hall Sensor, Light Sensor, Proximity Sensor",165.2 x 71.9 x 6.9,187,Up to 16,Up to 16,Up to 19,3700,No,Up to 56,Yes,"MP4, M4V, 3GP, 3G2, AVI, FLV, MKV, WEBM",UHD 8K (7680 x 4320) @60fps,"MP3, M4A, 3GA, AAC, OGG, OGA, WAV, AMR, AWB, FLAC, MID, MIDI, XMF, MXMF, IMY, RTTTL, RTX, OTA, DFF, DSF, APE","Galaxy Buds2 Pro, Galaxy Buds Pro, Galaxy Buds Live, Galaxy Buds+, Galaxy Buds2, Galaxy Buds, Galaxy Fit2, Galaxy Fit e, Galaxy Fit, Galaxy Watch5, Galaxy Watch4, Galaxy Watch3, Galaxy Watch, Galaxy Watch Active2, Galaxy Watch Active, Gear Fit2 Pro, Gear Fit2, Gear Sport, Gear S3, Gear S2, Gear IconX (2018)",No,,,No
Galaxy A73 5G,"2.4GHz, 1.8GHz",Octa-Core,"169.5mm (6.7"")",1080 x 2400 (FHD+),Super AMOLED Plus,16M,,,108.0 MP + 12.0 MP + 5.0 MP + 5.0 MP," F1.8 , F2.2 , F2.4 , F2.4  ",Yes,Yes,,32.0 MP,F2.2,No,Yes,UHD 4K (3840 x 2160) @30fps,240fps @HD,8,256,219.1,Dual-SIM,Nano-SIM (4FF),SIM 1 + Hybrid (SIM or MicroSD),"2G GSM, 3G WCDMA, 4G LTE FDD, 4G LTE TDD, 5G Sub6 FDD, 5G Sub6 TDD","GSM850, GSM900, DCS1800, PCS1900","B1(2100), B2(1900), B4(AWS), B5(850), B8(900)","B1(2100), B2(1900), B3(1800), B4(AWS), B5(850), B7(2600), B8(900), B12(700), B13(700), B17(700), B20(800), B26(850), B28(700), B66(AWS-3)","B38(2600), B40(2300), B41(2500)","N1(2100), N3(1800), N5(850), N7(2600), N28(700), N66(AWS-3)","N40(2300), N41(2500), N78(3500)",USB Type-C,USB 2.0,"GPS, Glonass, Beidou, Galileo, QZSS",,No,"802.11 a/b/g/n/ac/ax 2.4G+5GHz, HE80, SISO, 1024-QAM",Yes,Bluetooth v5.0,Yes,,Smart Switch (PC version),Android,Touch Bar,"Accelerometer, Fingerprint Sensor, Gyro Sensor, Geomagnetic Sensor, Light Sensor, Proximity Sensor",163.7 x 76.1 x 7.6,181,Up to 18,Up to 17,Up to 21,5000,No,Up to 85,Yes,"MP4, M4V, 3GP, 3G2, AVI, FLV, MKV, WEBM",UHD 4K (3840 x 2160) @30fps,"MP3, M4A, 3GA, AAC, OGG, OGA, WAV, AMR, AWB, FLAC, MID, MIDI, XMF, MXMF, IMY, RTTTL, RTX, OTA","Galaxy Buds Pro, Galaxy Buds Live, Galaxy Buds+, Galaxy Buds2, Galaxy Buds, Galaxy Fit2, Galaxy Fit e, Galaxy Fit, Galaxy Watch4, Galaxy Watch3, Galaxy Watch, Galaxy Watch Active2, Galaxy Watch Active, Gear Fit2 Pro, Gear Fit2, Gear Sport, Gear S3, Gear S2, Gear IconX (2018)",No,,,No
Galaxy A53 5G,"2.4GHz, 2GHz",Octa-Core,"164.0mm (6.5"")",1080 x 2400 (FHD+),Super AMOLED,16M,,,64.0 MP + 12.0 MP + 5.0 MP + 5.0 MP," F1.8 , F2.2 , F2.4 , F2.4  ",Yes,Yes,,32.0 MP,F2.2,No,Yes,UHD 4K (3840 x 2160) @30fps,240fps @HD,8,128GB,101.0,Dual-SIM,Nano-SIM (4FF),SIM 1 + Hybrid (SIM or MicroSD),"2G GSM, 3G WCDMA, 4G LTE FDD, 4G LTE TDD, 5G Sub6 FDD, 5G Sub6 TDD","GSM850, GSM900, DCS1800, PCS1900","B1(2100), B2(1900), B4(AWS), B5(850), B8(900)","B1(2100), B2(1900), B3(1800), B4(AWS), B5(850), B7(2600), B8(900), B12(700), B13(700), B17(700), B20(800), B26(850), B28(700), B66(AWS-3)","B38(2600), B40(2300), B41(2500)","N1(2100), N3(1800), N5(850), N7(2600), N8(900), N28(700), N66(AWS-3)","N40(2300), N41(2500), N78(3500)",USB Type-C,USB 2.0,"GPS, Glonass, Beidou, Galileo, QZSS",USB Type-C,No,"802.11 a/b/g/n/ac 2.4G+5GHz, VHT80",Yes,Bluetooth v5.1,Yes,,Smart Switch (PC version),Android,Touch Bar,"Accelerometer, Fingerprint Sensor, Gyro Sensor, Geomagnetic Sensor, Hall Sensor, RGB Light Sensor, Virtual Proximity Sensing",159.6 x 74.8 x 8.1,189,Up to 16,Up to 18,Up to 18,5000,No,Up to 60,Yes,"MP4, M4V, 3GP, 3G2, AVI, FLV, MKV, WEBM",UHD 4K (3840 x 2160) @30fps,"MP3, M4A, 3GA, AAC, OGG, OGA, WAV, AMR, AWB, FLAC, MID, MIDI, XMF, MXMF, IMY, RTTTL, RTX, OTA","Galaxy Buds Pro, Galaxy Buds Live, Galaxy Buds+, Galaxy Buds2, Galaxy Buds, Galaxy Fit2, Galaxy Fit e, Galaxy Fit, Galaxy Watch4, Galaxy Watch3, Galaxy Watch, Galaxy Watch Active2, Galaxy Watch Active, Gear Fit2 Pro, Gear Fit2, Gear Sport, Gear S3, Gear S2, Gear IconX (2018)",No,,,No
Galaxy A33 5G,"2.4GHz, 2GHz",Octa-Core,"162.1mm (6.4"")",1080 x 2400 (FHD+),Super AMOLED,16M,,,48.0 MP + 8.0 MP + 5.0 MP + 2.0 MP," F1.8 , F2.2 , F2.4 , F2.4  ",Yes,Yes,,13.0 MP,F2.2,No,Yes,UHD 4K (3840 x 2160) @30fps,"480fps @HD, 240fps @HD",8,128GB,102.3,Dual-SIM,Nano-SIM (4FF),SIM 1 + Hybrid (SIM or MicroSD),"2G GSM, 3G WCDMA, 4G LTE FDD, 4G LTE TDD, 5G Sub6 FDD, 5G Sub6 TDD","GSM850, GSM900, DCS1800, PCS1900","B1(2100), B2(1900), B4(AWS), B5(850), B8(900)","B1(2100), B2(1900), B3(1800), B4(AWS), B5(850), B7(2600), B8(900), B12(700), B17(700), B20(800), B26(850), B28(700), B66(AWS-3)","B38(2600), B40(2300), B41(2500)","N1(2100), N3(1800), N5(850), N7(2600), N8(900), N20(800), N28(700), N66(AWS-3)","N38(2600), N40(2300), N41(2500), N78(3500)",USB Type-C,USB 2.0,"GPS, Glonass, Beidou, Galileo, QZSS",USB Type-C,No,"802.11 a/b/g/n/ac 2.4G+5GHz, VHT80",Yes,Bluetooth v5.1,Yes,,Smart Switch (PC version),Android,Touch Bar,"Accelerometer, Fingerprint Sensor, Gyro Sensor, Geomagnetic Sensor, Hall Sensor, Light Sensor, Virtual Proximity Sensing",159.7 x 74.0 x 8.1,186,Up to 17,Up to 18,Up to 18,5000,No,Up to 54,Yes,"MP4, M4V, 3GP, 3G2, AVI, FLV, MKV, WEBM",UHD 4K (3840 x 2160) @30fps,"MP3, M4A, 3GA, AAC, OGG, OGA, WAV, AMR, AWB, FLAC, MID, MIDI, XMF, MXMF, IMY, RTTTL, RTX, OTA","Galaxy Buds Pro, Galaxy Buds Live, Galaxy Buds+, Galaxy Buds2, Galaxy Buds, Galaxy Fit2, Galaxy Fit e, Galaxy Fit, Galaxy Watch4, Galaxy Watch3, Galaxy Watch, Galaxy Watch Active2, Galaxy Watch Active, Gear Fit2 Pro, Gear Fit2, Gear Sport, Gear S3, Gear S2, Gear IconX (2018)",No,,,No
Galaxy A23,"2.4GHz, 1.9GHz",Octa-Core,"167.2mm (6.6"")",1080 x 2408 (FHD+),PLS LCD,16M,,,50.0 MP + 5.0 MP + 2.0 MP + 2.0 MP," F1.8 , F2.2 , F2.4 , F2.4  ",Yes,Yes,,8.0 MP,F2.2,No,Yes,FHD (1920 x 1080) @30fps,120fps @HD,6,128GB,105.1,Dual-SIM,Nano-SIM (4FF),SIM 1 + SIM 2 + MicroSD,"2G GSM, 3G WCDMA, 4G LTE FDD, 4G LTE TDD","GSM850, GSM900, DCS1800, PCS1900","B1(2100), B5(850), B8(900)","B1(2100), B3(1800), B5(850), B7(2600), B8(900), B20(800), B28(700)","B38(2600), B40(2300), B41(2500)",,,USB Type-C,USB 2.0,"GPS, Glonass, Beidou, Galileo, QZSS",3.5mm Stereo,No,"802.11 a/b/g/n/ac 2.4G+5GHz, VHT80",Yes,Bluetooth v5.0,Yes,,Smart Switch (PC version),Android,Touch Bar,"Accelerometer, Fingerprint Sensor, Gyro Sensor, Geomagnetic Sensor, Virtual Light Sensing, Virtual Proximity Sensing",165.4 x 76.9 x 8.4,195,Up to 27,Up to 28,,5000,No,,No,"MP4, M4V, 3GP, 3G2, AVI, FLV, MKV, WEBM",FHD (1920 x 1080) @60fps,"MP3, M4A, 3GA, AAC, OGG, OGA, WAV, AMR, AWB, FLAC, MID, MIDI, XMF, MXMF, IMY, RTTTL, RTX, OTA","Galaxy Buds Pro, Galaxy Buds Live, Galaxy Buds+, Galaxy Buds2, Galaxy Buds, Galaxy Fit2, Galaxy Fit e, Galaxy Fit, Galaxy Watch4, Galaxy Watch3, Galaxy Watch, Galaxy Watch Active2, Galaxy Watch Active, Gear Fit2 Pro, Gear Fit2, Gear Sport, Gear S3, Gear S2, Gear IconX (2018)",No,,,No
Galaxy S22,"2.99GHz, 2.4GHz, 1.7GHz",Octa-Core,"153.9mm (6.1"")",2340 x 1080 (FHD+),Dynamic AMOLED 2X,16M,,,50.0 MP + 10.0 MP + 12.0 MP,"F1.8 , F2.4 , F2.2",Yes,Yes,"Optical Zoom at 3x , Digital Zoom up to 30x",10.0 MP,F2.2,Yes,Yes,UHD 8K (7680 x 4320) @24fps,"960fps @HD, 240fps @FHD",8,256,218.5,Dual-SIM,"Nano-SIM (4FF), Embedded-SIM",SIM 1 + SIM 2 or Embedded SIM,"2G GSM, 3G WCDMA, 4G LTE FDD, 4G LTE TDD, 5G Sub6 FDD, 5G Sub6 TDD","GSM850, GSM900, DCS1800, PCS1900","B1(2100), B2(1900), B4(AWS), B5(850), B8(900)","B1(2100), B2(1900), B3(1800), B4(AWS), B5(850), B7(2600), B8(900), B12(700), B13(700), B17(700), B18(800), B19(800), B20(800), B25(1900), B26(850), B28(700), B66(AWS-3)","B38(2600), B39(1900), B40(2300), B41(2500)","N1(2100), N2(1900), N3(1800), N5(850), N7(2600), N8(900), N12(700), N20(800), N25(1900), N28(700), N66(AWS-3)","N38(2600), N40(2300), N41(2500), N77(3700), N78(3500)",USB Type-C,USB 3.2 Gen 1,"GPS, Glonass, Beidou, Galileo, QZSS",USB Type-C,No,"802.11 a/b/g/n/ac/ax 2.4G+5GHz, HE80, MIMO, 1024-QAM",Yes,Bluetooth v5.2,Yes,,Smart Switch (PC version),Android,Touch Bar,"Accelerometer, Barometer, Fingerprint Sensor, Gyro Sensor, Geomagnetic Sensor, Hall Sensor, Light Sensor, Proximity Sensor",146.0 x 70.6 x 7.6,167,Up to 14,Up to 15,Up to 18,3700,No,Up to 54,Yes,"MP4, M4V, 3GP, 3G2, AVI, FLV, MKV, WEBM",UHD 8K (7680 x 4320) @60fps,"MP3, M4A, 3GA, AAC, OGG, OGA, WAV, AMR, AWB, FLAC, MID, MIDI, XMF, MXMF, IMY, RTTTL, RTX, OTA, DFF, DSF, APE","Galaxy Buds Pro, Galaxy Buds Live, Galaxy Buds+, Galaxy Buds2, Galaxy Buds, Galaxy Fit2, Galaxy Fit e, Galaxy Fit, Galaxy Watch4, Galaxy Watch3, Galaxy Watch, Galaxy Watch Active2, Galaxy Watch Active, Gear Fit2 Pro, Gear Fit2, Gear Sport, Gear S3, Gear S2, Gear IconX (2018)",Yes,,,No
Galaxy A13,2GHz,Octa-Core,"167.2mm (6.6"")",1080 x 2408 (FHD+),PLS LCD,16M,,,50.0 MP + 5.0 MP + 2.0 MP + 2.0 MP," F1.8 , F2.2 , F2.4 , F2.4  ",Yes,No,,8.0 MP,F2.2,No,Yes,FHD (1920 x 1080) @30fps,,4,64,48.0,Dual-SIM,Nano-SIM (4FF),SIM 1 + SIM 2 + MicroSD,"2G GSM, 3G WCDMA, 4G LTE FDD, 4G LTE TDD","GSM850, GSM900, DCS1800, PCS1900","B1(2100), B5(850), B8(900)","B1(2100), B3(1800), B5(850), B7(2600), B8(900), B20(800), B28(700)","B38(2600), B40(2300), B41(2500)",,,USB Type-C,USB 2.0,"GPS, Glonass, Beidou, Galileo, QZSS",3.5mm Stereo,No,802.11 a/b/g/n/ac 2.4+5GHz,Yes,Bluetooth v5.0,No,,Smart Switch (PC version),Android,Touch Bar,"Accelerometer, Fingerprint Sensor, Geomagnetic Sensor, Virtual Light Sensing, Virtual Proximity Sensing",165.1 x 76.4 x 8.8,195,Up to 20,Up to 21,,5000,No,,No,"MP4, M4V, 3GP, 3G2, AVI, FLV, MKV, WEBM",FHD (1920 x 1080) @60fps,"MP3, M4A, 3GA, AAC, OGG, OGA, WAV, AMR, AWB, FLAC, MID, MIDI, XMF, MXMF, IMY, RTTTL, RTX, OTA","Galaxy Buds Pro, Galaxy Buds Live, Galaxy Buds+, Galaxy Buds2, Galaxy Buds, Galaxy Fit2, Galaxy Fit e, Galaxy Fit, Galaxy Watch4, Galaxy Watch3, Galaxy Watch, Galaxy Watch Active2, Galaxy Watch Active, Gear Fit2 Pro, Gear Fit2, Gear Sport, Gear S3, Gear S2, Gear IconX (2018)",No,,,No
Galaxy A32,"2GHz, 1.8GHz",Octa-Core,"162.1mm (6.4"")",1080 x 2400 (FHD+),Super AMOLED,16M,,,64.0 MP + 8.0 MP + 5.0 MP + 5.0 MP,"F1.8 , F2.2 , F2.4 , F2.4",Yes,No,,20.0 MP,F2.2,No,Yes,FHD (1920 x 1080) @30fps,120fps @HD,6,128GB,103.2,Dual-SIM,Nano-SIM (4FF),SIM 1 + SIM 2 + MicroSD,"2G GSM, 3G WCDMA, 4G LTE FDD, 4G LTE TDD","GSM850, GSM900, DCS1800, PCS1900","B1(2100), B2(1900), B5(850), B8(900)","B1(2100), B2(1900), B3(1800), B5(850), B7(2600), B8(900), B20(800), B28(700)","B38(2600), B40(2300), B41(2500)",,,USB Type-C,USB 2.0,"GPS, Glonass, Beidou, Galileo",3.5mm Stereo,No,802.11 a/b/g/n/ac 2.4+5GHz,Yes,Bluetooth v5.0,Yes,,Smart Switch (PC version),Android,Touch Bar,"Accelerometer, Fingerprint Sensor, Gyro Sensor, Geomagnetic Sensor, Hall Sensor, RGB Light Sensor, Virtual Proximity Sensing",158.9 x 73.6 x 8.4,184,Up to 19,Up to 19,,5000,No,,No,"MP4, M4V, 3GP, 3G2, AVI, FLV, MKV, WEBM",FHD (1920 x 1080) @60fps,"MP3, M4A, 3GA, AAC, OGG, OGA, WAV, AMR, AWB, FLAC, MID, MIDI, XMF, MXMF, IMY, RTTTL, RTX, OTA","Galaxy Buds+, Galaxy Buds, Galaxy Fit e, Galaxy Fit, Galaxy Watch, Galaxy Watch Active2, Galaxy Watch Active, Gear Fit2 Pro, Gear Fit2, Gear Sport, Gear S3, Gear S2, Gear IconX (2018)",No,,,No
Galaxy S22 Ultra,"2.99GHz, 2.4GHz, 1.7GHz",Octa-Core,"173.1mm (6.8"")",3088 x 1440 (Quad HD+),Dynamic AMOLED 2X,16M,,Yes,108.0 MP + 10.0 MP + 12.0 MP + 10.0 MP,"F1.8 , F4.9 , F2.2 , F2.4",Yes,Yes,"Optical Zoom at 3x and 10x , Digital Zoom up to 100x",40.0 MP,F2.2,Yes,Yes,UHD 8K (7680 x 4320) @24fps,"960fps @HD, 240fps @FHD",12,256,218.5,Dual-SIM,"Nano-SIM (4FF), Embedded-SIM",SIM 1 + SIM 2 or Embedded SIM,"2G GSM, 3G WCDMA, 4G LTE FDD, 4G LTE TDD, 5G Sub6 FDD, 5G Sub6 TDD","GSM850, GSM900, DCS1800, PCS1900","B1(2100), B2(1900), B4(AWS), B5(850), B8(900)","B1(2100), B2(1900), B3(1800), B4(AWS), B5(850), B7(2600), B8(900), B12(700), B13(700), B17(700), B18(800), B19(800), B20(800), B25(1900), B26(850), B28(700), B66(AWS-3)","B38(2600), B39(1900), B40(2300), B41(2500)","N1(2100), N2(1900), N3(1800), N5(850), N7(2600), N8(900), N12(700), N20(800), N25(1900), N28(700), N66(AWS-3)","N38(2600), N40(2300), N41(2500), N77(3700), N78(3500)",USB Type-C,USB 3.2 Gen 1,"GPS, Glonass, Beidou, Galileo, QZSS",USB Type-C,No,"802.11 a/b/g/n/ac/ax 2.4G+5GHz+6GHz, HE160, MIMO, 1024-QAM",Yes,Bluetooth v5.2,Yes,Yes,Smart Switch (PC version),Android,Touch Bar,"Accelerometer, Barometer, Fingerprint Sensor, Gyro Sensor, Geomagnetic Sensor, Hall Sensor, Light Sensor, Proximity Sensor",163.3 x 77.9 x 8.9,228,Up to 20,Up to 21,Up to 20,5000,No,Up to 81,Yes,"MP4, M4V, 3GP, 3G2, AVI, FLV, MKV, WEBM",UHD 8K (7680 x 4320) @60fps,"MP3, M4A, 3GA, AAC, OGG, OGA, WAV, AMR, AWB, FLAC, MID, MIDI, XMF, MXMF, IMY, RTTTL, RTX, OTA, DFF, DSF, APE","Galaxy Buds Pro, Galaxy Buds Live, Galaxy Buds+, Galaxy Buds2, Galaxy Buds, Galaxy Fit2, Galaxy Fit e, Galaxy Fit, Galaxy Watch4, Galaxy Watch3, Galaxy Watch, Galaxy Watch Active2, Galaxy Watch Active, Gear Fit2 Pro, Gear Fit2, Gear Sport, Gear S3, Gear S2, Gear IconX (2018)",Yes,,,No
Galaxy S21 FE 5G,"2.9GHz, 2.8GHz, 2.2GHz",Octa-Core,"162.9mm (6.4"")",2340 x 1080 (FHD+),Dynamic AMOLED 2X,16M,,,12.0 MP + 12.0 MP + 8.0 MP,"F1.8 , F2.2 , F2.4",Yes,Yes,"Optical Zoom at 3x , Digital Zoom up to 30x",32.0 MP,F2.2,No,Yes,UHD 4K (3840 x 2160) @60fps,"960fps @HD, 240fps @FHD",8,256,220.5,Dual-SIM,Nano-SIM (4FF),SIM 1 + SIM 2,"2G GSM, 3G WCDMA, 4G LTE FDD, 4G LTE TDD, 5G Sub6 FDD, 5G Sub6 TDD","GSM850, GSM900, DCS1800, PCS1900","B1(2100), B2(1900), B4(AWS), B5(850), B8(900)","B1(2100), B2(1900), B3(1800), B4(AWS), B5(850), B7(2600), B8(900), B12(700), B17(700), B20(800), B26(850), B28(700), B32(1500), B66(AWS-3)","B38(2600), B40(2300), B41(2500)","N1(2100), N3(1800), N5(850), N7(2600), N8(900), N20(800), N28(700), N66(AWS-3)","N38(2600), N40(2300), N41(2500), N78(3500)",USB Type-C,USB 3.2 Gen 1,"GPS, Glonass, Beidou, Galileo, QZSS",USB Type-C,No,"802.11 a/b/g/n/ac/ax 2.4G+5GHz, HE80, MIMO, 1024-QAM",Yes,Bluetooth v5.0,Yes,,Smart Switch (PC version),Android,Touch Bar,"Accelerometer, Barometer, Fingerprint Sensor, Gyro Sensor, Geomagnetic Sensor, Hall Sensor, Light Sensor, Proximity Sensor",155.7 x 74.5 x 7.9,177,Up to 14,Up to 14,Up to 16,4500,No,Up to 73,Yes,"MP4, M4V, 3GP, 3G2, AVI, FLV, MKV, WEBM",UHD 8K (7680 x 4320) @60fps,"MP3, M4A, 3GA, AAC, OGG, OGA, WAV, AMR, AWB, FLAC, MID, MIDI, XMF, MXMF, IMY, RTTTL, RTX, OTA, DFF, DSF, APE","Galaxy Buds Pro, Galaxy Buds Live, Galaxy Buds+, Galaxy Buds2, Galaxy Buds, Galaxy Fit2, Galaxy Fit e, Galaxy Fit, Galaxy Watch4, Galaxy Watch3, Galaxy Watch, Galaxy Watch Active2, Galaxy Watch Active, Gear Fit2 Pro, Gear Fit2, Gear Sport, Gear S3, Gear S2, Gear IconX (2018)",Yes,,,No
Galaxy A52s 5G,"2.4GHz, 1.8GHz",Octa-Core,"164.0mm (6.5"")",1080 x 2400 (FHD+),Super AMOLED,16M,,,64.0 MP + 12.0 MP + 5.0 MP + 5.0 MP," F1.8 , F2.2 , F2.4 , F2.4  ",Yes,Yes,,32.0 MP,F2.2,No,Yes,UHD 4K (3840 x 2160) @30fps,240fps @HD,8,128GB,101.5,Dual-SIM,Nano-SIM (4FF),SIM 1 + Hybrid (SIM or MicroSD),"2G GSM, 3G WCDMA, 4G LTE FDD, 4G LTE TDD, 5G Sub6 FDD, 5G Sub6 TDD","GSM850, GSM900, DCS1800, PCS1900","B1(2100), B2(1900), B4(AWS), B5(850), B8(900)","B1(2100), B2(1900), B3(1800), B4(AWS), B5(850), B7(2600), B8(900), B12(700), B17(700), B20(800), B26(850), B28(700), B32(1500), B66(AWS-3)","B38(2600), B40(2300), B41(2500)","N1(2100), N3(1800), N5(850), N7(2600), N8(900), N20(800), N28(700), N66(AWS-3)","N38(2600), N40(2300), N41(2500), N78(3500)",USB Type-C,USB 2.0,"GPS, Glonass, Beidou, Galileo, QZSS",3.5mm Stereo,No,"802.11 a/b/g/n/ac/ax 2.4G+5GHz, HE80, SISO, 1024-QAM",Yes,Bluetooth v5.0,Yes,,Smart Switch (PC version),Android,Touch Bar,"Accelerometer, Fingerprint Sensor, Gyro Sensor, Geomagnetic Sensor, Hall Sensor, RGB Light Sensor, Virtual Proximity Sensing",159.9 x 75.1 x 8.4,189,Up to 16,Up to 16,,4500,No,,Yes,"MP4, M4V, 3GP, 3G2, AVI, FLV, MKV, WEBM",UHD 4K (3840 x 2160) @30fps,"MP3, M4A, 3GA, AAC, OGG, OGA, WAV, AMR, AWB, FLAC, MID, MIDI, XMF, MXMF, IMY, RTTTL, RTX, OTA","Galaxy Buds Pro, Galaxy Buds Live, Galaxy Buds+, Galaxy Buds2, Galaxy Buds, Galaxy Fit2, Galaxy Fit e, Galaxy Fit, Galaxy Watch4, Galaxy Watch3, Galaxy Watch, Galaxy Watch Active2, Galaxy Watch Active, Gear Fit2 Pro, Gear Fit2, Gear Sport, Gear S3, Gear S2, Gear IconX (2018)",No,,,No
Galaxy Z Fold3 5G,"2.84GHz, 2.4GHz, 1.8GHz",Octa-Core,"191.9mm (7.6"")",2208 x 1768 (QXGA+),Dynamic AMOLED 2X,16M,,Yes,12.0 MP + 12.0 MP + 12.0 MP,"F1.8 , F2.2 , F2.4",Yes,Yes,"Optical Zoom at 2x , Digital Zoom up to 10x",,,,Yes,UHD 4K (3840 x 2160) @60fps,"960fps @HD, 240fps @FHD",12,256,215.7,Dual-SIM,"Nano-SIM (4FF), Embedded-SIM",SIM 1 + SIM 2 or Embedded SIM,"2G GSM, 3G WCDMA, 4G LTE FDD, 4G LTE TDD, 5G Sub6 FDD, 5G Sub6 TDD","GSM850, GSM900, DCS1800, PCS1900","B1(2100), B2(1900), B4(AWS), B5(850), B8(900)","B1(2100), B2(1900), B3(1800), B4(AWS), B5(850), B7(2600), B8(900), B12(700), B13(700), B17(700), B18(800), B19(800), B20(800), B25(1900), B26(850), B28(700), B32(1500), B66(AWS-3)","B38(2600), B39(1900), B40(2300), B41(2500)","N1(2100), N3(1800), N5(850), N7(2600), N8(900), N20(800), N28(700), N66(AWS-3)","N38(2600), N40(2300), N41(2500), N77(3700), N78(3500)",USB Type-C,USB 3.2 Gen 1,"GPS, Glonass, Beidou, Galileo, QZSS",USB Type-C,No,"802.11 a/b/g/n/ac/ax 2.4G+5GHz, HE160, MIMO, 1024-QAM",Yes,Bluetooth v5.2,Yes,Yes,Smart Switch (PC version),Android,Folder,"Accelerometer, Barometer, Fingerprint Sensor, Gyro Sensor, Geomagnetic Sensor, Hall Sensor, Light Sensor, Proximity Sensor",158.2 x 128.1 x 6.4,271,Up to 12,Up to 12,Up to 18,4400,No,Up to 63,Yes,"MP4, M4V, 3GP, 3G2, AVI, FLV, MKV, WEBM",UHD 8K (7680 x 4320) @60fps,"MP3, M4A, 3GA, AAC, OGG, OGA, WAV, AMR, AWB, FLAC, MID, MIDI, XMF, MXMF, IMY, RTTTL, RTX, OTA, DFF, DSF, APE","Galaxy Buds Pro, Galaxy Buds Live, Galaxy Buds+, Galaxy Buds2, Galaxy Buds, Galaxy Fit2, Galaxy Fit e, Galaxy Fit, Galaxy Watch4, Galaxy Watch3, Galaxy Watch, Galaxy Watch Active2, Galaxy Watch Active, Gear Fit2 Pro, Gear Fit2, Gear Sport, Gear S3, Gear S2, Gear IconX (2018)",Yes,,,No
Galaxy Z Flip3 5G,"2.84GHz, 2.4GHz, 1.8GHz",Octa-Core,"170.3mm (6.7"")",2640 x 1080 (FHD+),Dynamic AMOLED 2X,16M,,,12.0 MP + 12.0 MP,"F1.8 , F2.2",Yes,Yes,Digital Zoom up to 10x,10.0 MP,F2.4,No,Yes,UHD 4K (3840 x 2160) @60fps,"960fps @HD, 240fps @FHD",8,256,218.8,Dual-SIM,,SIM 1 + Embedded SIM,"2G GSM, 3G WCDMA, 4G LTE FDD, 4G LTE TDD, 5G Sub6 FDD, 5G Sub6 TDD","GSM850, GSM900, DCS1800, PCS1900","B1(2100), B2(1900), B4(AWS), B5(850), B8(900)","B1(2100), B2(1900), B3(1800), B4(AWS), B5(850), B7(2600), B8(900), B12(700), B13(700), B17(700), B18(800), B19(800), B20(800), B25(1900), B26(850), B28(700), B32(1500), B66(AWS-3)","B38(2600), B39(1900), B40(2300), B41(2500)","N1(2100), N3(1800), N5(850), N7(2600), N8(900), N20(800), N28(700), N66(AWS-3)","N38(2600), N40(2300), N41(2500), N77(3700), N78(3500)",USB Type-C,USB 2.0,"GPS, Glonass, Beidou, Galileo, QZSS",USB Type-C,No,"802.11 a/b/g/n/ac/ax 2.4G+5GHz, HE80, MIMO, 1024-QAM",Yes,Bluetooth v5.1,Yes,,Smart Switch (PC version),Android,Flip,"Accelerometer, Barometer, Fingerprint Sensor, Gyro Sensor, Geomagnetic Sensor, Hall Sensor, Light Sensor, Proximity Sensor",166.0 x 72.2 x 6.9,183,Up to 12,Up to 13,Up to 16,3300,No,Up to 51,Yes,"MP4, M4V, 3GP, 3G2, AVI, FLV, MKV, WEBM",UHD 8K (7680 x 4320) @60fps,"MP3, M4A, 3GA, AAC, OGG, OGA, WAV, AMR, AWB, FLAC, MID, MIDI, XMF, MXMF, IMY, RTTTL, RTX, OTA, DFF, DSF, APE",,No,,,No
Galaxy A22 4GB RAM,"2GHz, 1.8GHz",Octa-Core,"162.3mm (6.4"")",720 x 1600 (HD+),Super AMOLED,16M,,,48.0 MP + 8.0 MP + 2.0 MP + 2.0 MP," F1.8 , F2.2 , F2.4 , F2.4  ",Yes,Yes,,13.0 MP,F2.2,No,Yes,FHD (1920 x 1080) @30fps,120fps @HD,4,128GB,103.6,Dual-SIM,Nano-SIM (4FF),SIM 1 + SIM 2 + MicroSD,"2G GSM, 3G WCDMA, 4G LTE FDD, 4G LTE TDD","GSM850, GSM900, DCS1800, PCS1900","B1(2100), B5(850), B8(900)","B1(2100), B3(1800), B5(850), B7(2600), B8(900), B20(800), B28(700)","B38(2600), B40(2300), B41(2500)",,,USB Type-C,USB 2.0,"GPS, Glonass, Beidou, Galileo",3.5mm Stereo,No,802.11 a/b/g/n/ac 2.4+5GHz,Yes,Bluetooth v5.0,Yes,,Smart Switch (PC version),Android,Touch Bar,"Accelerometer, Fingerprint Sensor, Gyro Sensor, Geomagnetic Sensor, Virtual Light Sensing, Virtual Proximity Sensing",159.3 x 73.6 x 8.4,186,Up to 24,Up to 25,,5000,No,,No,"MP4, M4V, 3GP, 3G2, AVI, FLV, MKV, WEBM",FHD (1920 x 1080) @60fps,"MP3, M4A, 3GA, AAC, OGG, OGA, WAV, AMR, AWB, FLAC, MID, MIDI, XMF, MXMF, IMY, RTTTL, RTX, OTA","Galaxy Buds Live, Galaxy Buds+, Galaxy Buds, Galaxy Fit2, Galaxy Fit e, Galaxy Fit, Galaxy Watch3, Galaxy Watch, Galaxy Watch Active2, Galaxy Watch Active, Gear Fit2 Pro, Gear Fit2, Gear Sport, Gear S3, Gear S2, Gear IconX (2018)",No,,,No
Galaxy A22 6GB 128GB,"2GHz, 1.8GHz",Octa-Core,"162.3mm (6.4"")",720 x 1600 (HD+),Super AMOLED,16M,,,48.0 MP + 8.0 MP + 2.0 MP + 2.0 MP," F1.8 , F2.2 , F2.4 , F2.4  ",Yes,Yes,,13.0 MP,F2.2,No,Yes,FHD (1920 x 1080) @30fps,120fps @HD,6,128GB,103.6,Dual-SIM,Nano-SIM (4FF),SIM 1 + SIM 2 + MicroSD,"2G GSM, 3G WCDMA, 4G LTE FDD, 4G LTE TDD","GSM850, GSM900, DCS1800, PCS1900","B1(2100), B5(850), B8(900)","B1(2100), B3(1800), B5(850), B7(2600), B8(900), B20(800), B28(700)","B38(2600), B40(2300), B41(2500)",,,USB Type-C,USB 2.0,"GPS, Glonass, Beidou, Galileo",3.5mm Stereo,No,802.11 a/b/g/n/ac 2.4+5GHz,Yes,Bluetooth v5.0,Yes,,Smart Switch (PC version),Android,Touch Bar,"Accelerometer, Fingerprint Sensor, Gyro Sensor, Geomagnetic Sensor, Virtual Light Sensing, Virtual Proximity Sensing",159.3 x 73.6 x 8.4,186,Up to 24,Up to 25,,5000,No,,No,"MP4, M4V, 3GP, 3G2, AVI, FLV, MKV, WEBM",FHD (1920 x 1080) @60fps,"MP3, M4A, 3GA, AAC, OGG, OGA, WAV, AMR, AWB, FLAC, MID, MIDI, XMF, MXMF, IMY, RTTTL, RTX, OTA","Galaxy Buds Live, Galaxy Buds+, Galaxy Buds, Galaxy Fit2, Galaxy Fit e, Galaxy Fit, Galaxy Watch3, Galaxy Watch, Galaxy Watch Active2, Galaxy Watch Active, Gear Fit2 Pro, Gear Fit2, Gear Sport, Gear S3, Gear S2, Gear IconX (2018)",No,,,No
Galaxy  Z Flip3 bundle with Yellow leather cover,,,,,,,,,,,,,,,,,,,,,,,,,,,,,,,,,,,,,,,,,,,,,,,,,,,,,,,,,,,,,,,
Galaxy  Z Flip3 bundle with Green leather cover,,,,,,,,,,,,,,,,,,,,,,,,,,,,,,,,,,,,,,,,,,,,,,,,,,,,,,,,,,,,,,,
Galaxy  Z Flip3 bundle with Black leather cover,,,,,,,,,,,,,,,,,,,,,,,,,,,,,,,,,,,,,,,,,,,,,,,,,,,,,,,,,,,,,,,
Galaxy A12,"2.3GHz, 1.8GHz",Octa-Core,"165.5mm (6.5"")",720 x 1600 (HD+),PLS TFT LCD,16M,,,48.0 MP + 5.0 MP + 2.0 MP + 2.0 MP,"F2.0 , F2.2 , F2.4 , F2.4",Yes,No,,8.0 MP,F2.2,No,Yes,FHD (1920 x 1080) @30fps,,4,64,48.4,Dual-SIM,Nano-SIM (4FF),SIM 1 + SIM 2 + MicroSD,"2G GSM, 3G WCDMA, 4G LTE FDD, 4G LTE TDD","GSM850, GSM900, DCS1800, PCS1900","B1(2100), B5(850), B8(900)","B1(2100), B3(1800), B5(850), B7(2600), B8(900), B20(800), B28(700)","B38(2600), B40(2300), B41(2500)",,,USB Type-C,USB 2.0,"GPS, Glonass, Beidou, Galileo",3.5mm Stereo,No,802.11 b/g/n 2.4GHz,Yes,Bluetooth v5.0,No,,Smart Switch (PC version),Android,Touch Bar,"Accelerometer, Fingerprint Sensor, Grip Sensor, Virtual Light Sensing, Virtual Proximity Sensing",164.0 x 75.8 x 8.9,205,Up to 20,Up to 19,,5000,No,,No,"MP4, M4V, 3GP, 3G2, WMV, ASF, AVI, FLV, MKV, WEBM",FHD (1920 x 1080) @30fps,"MP3, M4A, 3GA, AAC, OGG, OGA, WAV, WMA, AMR, AWB, FLAC, MID, MIDI, XMF, MXMF, IMY, RTTTL, RTX, OTA","Galaxy Buds Live, Galaxy Buds+, Galaxy Buds, Galaxy Fit2, Galaxy Fit e, Galaxy Fit, Galaxy Watch3, Galaxy Watch, Galaxy Watch Active2, Galaxy Watch Active, Gear Fit2 Pro, Gear Fit2, Gear Fit, Gear Sport, Gear2 Neo, Gear2, Gear1, Gear S3, Gear S2, Gear IconX, Gear IconX (2018)",No,,,No
Galaxy A12,2GHz,Octa-Core,"165.5mm (6.5"")",720 x 1600 (HD+),PLS TFT LCD,16M,,,48.0 MP + 5.0 MP + 2.0 MP + 2.0 MP,"F2.0 , F2.2 , F2.4 , F2.4",Yes,No,,8.0 MP,F2.2,No,Yes,FHD (1920 x 1080) @30fps,,4,64,48.1,Dual-SIM,Nano-SIM (4FF),SIM 1 + SIM 2 + MicroSD,"2G GSM, 3G WCDMA, 4G LTE FDD, 4G LTE TDD","GSM850, GSM900, DCS1800, PCS1900","B1(2100), B5(850), B8(900)","B1(2100), B3(1800), B5(850), B7(2600), B8(900), B20(800), B28(700)","B38(2600), B40(2300), B41(2500)",,,USB Type-C,USB 2.0,"GPS, Glonass, Beidou, Galileo",3.5mm Stereo,No,802.11 b/g/n 2.4GHz,Yes,Bluetooth v5.0,No,,Smart Switch (PC version),Android,Touch Bar,"Accelerometer, Fingerprint Sensor, Virtual Light Sensing, Virtual Proximity Sensing",164.0 x 75.8 x 8.9,205,Up to 20,Up to 20,,5000,No,,No,"MP4, M4V, 3GP, 3G2, WMV, ASF, AVI, FLV, MKV, WEBM",FHD (1920 x 1080) @60fps,"MP3, M4A, 3GA, AAC, OGG, OGA, WAV, WMA, AMR, AWB, FLAC, MID, MIDI, XMF, MXMF, IMY, RTTTL, RTX, OTA","Galaxy Buds Pro, Galaxy Buds Live, Galaxy Buds+, Galaxy Buds2, Galaxy Buds, Galaxy Fit2, Galaxy Fit e, Galaxy Fit, Galaxy Watch4, Galaxy Watch3, Galaxy Watch, Galaxy Watch Active2, Galaxy Watch Active, Gear Fit2 Pro, Gear Fit2, Gear Sport, Gear S3, Gear S2, Gear IconX (2018)",No,,,No
Galaxy A03,1.6GHz,Octa-Core,"165.5mm (6.5"")",720 x 1600 (HD+),PLS TFT LCD,16M,,,48.0 MP + 2.0 MP,"F1.8 , F2.4",Yes,No,,5.0 MP,F2.2,No,Yes,FHD (1920 x 1080) @30fps,,3,32,18.5,Dual-SIM,Nano-SIM (4FF),SIM 1 + SIM 2 + MicroSD,"2G GSM, 3G WCDMA, 4G LTE FDD, 4G LTE TDD","GSM850, GSM900, DCS1800","B1(2100), B5(850), B8(900)","B1(2100), B3(1800), B5(850), B7(2600), B8(900), B20(800), B28(700)","B38(2600), B40(2300), B41(2500)",,,Micro USB,USB 2.0,"GPS, Glonass, Galileo, QZSS",3.5mm Stereo,No,802.11 a/b/g/n/ac 2.4+5GHz,Yes,Bluetooth v5.0,No,,Smart Switch (PC version),Android,Touch Bar,"Accelerometer, Light Sensor, Proximity Sensor",164.2 x 75.9 x 9.1,196,,,,5000,No,,No,"MP4, M4V, 3GP, 3G2, WMV, ASF, AVI, FLV, MKV, WEBM",FHD (1920 x 1080) @60fps,"MP3, M4A, 3GA, AAC, OGG, OGA, WAV, AMR, AWB, FLAC, MID, XMF, MXMF, IMY, RTTTL, RTX, OTA","Galaxy Buds Pro, Galaxy Buds Live, Galaxy Buds+, Galaxy Buds2, Galaxy Buds, Galaxy Fit2, Galaxy Fit e, Galaxy Fit, Galaxy Watch4, Galaxy Watch3, Galaxy Watch, Galaxy Watch Active2, Galaxy Watch Active, Gear Fit2 Pro, Gear Fit2, Gear Sport, Gear S3, Gear S2, Gear IconX (2018)",No,,,No
Galaxy Fold,"2.8GHz, 2.4GHz, 1.7GHz",Octa-Core,"185.1mm (7.3"")",2152 x 1536 (QXGA+),Dynamic AMOLED,16M,,,12.0 MP + 16.0 MP + 12.0 MP,"F1.5/F2.4 (Dual Aperture) , F2.2 , F2.4",Yes,Yes,"Optical Zoom at 2x , Digital Zoom up to 10x",10.0 MP + 8.0 MP,"F2.2 , F1.9",No,Yes,UHD 4K (3840 x 2160) @60fps,"960fps @HD, 240fps @FHD",12,512,461.8,Dual-SIM,"Nano-SIM (4FF), Embedded-SIM",SIM 1 + Embedded SIM,"2G GSM, 3G WCDMA, 3G TD-SCDMA, 4G LTE FDD, 4G LTE TDD","GSM850, GSM900, DCS1800, PCS1900","B1(2100), B2(1900), B4(AWS), B5(850), B8(900)","B1(2100), B2(1900), B3(1800), B4(AWS), B5(850), B7(2600), B8(900), B12(700), B13(700), B14(700), B18(800), B19(800), B20(800), B25(1900), B26(850), B28(700), B29(700), B30(2300), B66(AWS-3), B71(600)","B38(2600), B39(1900), B40(2300), B41(2500)",,,USB Type-C,USB 3.1 Gen 1,"GPS, Glonass, Beidou, Galileo",,No,"802.11 a/b/g/n/ac/ax 2.4G+5GHz, HE80, MIMO, 1024-QAM",Yes,Bluetooth v5.0,Yes,,Smart Switch (PC version),Android,Folder,"Accelerometer, Barometer, Fingerprint Sensor, Gyro Sensor, Geomagnetic Sensor, Hall Sensor, RGB Light Sensor, Proximity Sensor",160.9 x 117.9 x 6.9,276,Up to 13,Up to 13,Up to 20,4380,No,Up to 76,Yes,"MP4, M4V, 3GP, 3G2, WMV, ASF, AVI, FLV, MKV, WEBM",UHD 8K (7680 x 4320) @30fps,"MP3, M4A, 3GA, AAC, OGG, OGA, WAV, WMA, AMR, AWB, FLAC, MID, MIDI, XMF, MXMF, IMY, RTTTL, RTX, OTA, DFF, DSF, APE","Galaxy Buds, Galaxy Fit, Galaxy Fit e, Galaxy Watch, Galaxy Watch Active, Galaxy Watch Active2, Gear Circle (Manager Support), Gear Fit, Gear Fit2, Gear Fit2 Pro, Gear Sport, Gear1, Gear2, Gear2 Neo, Gear S, Gear S2, Gear S3, Gear IconX, Gear IconX (2018), Gear 360, Gear 360 (2017)",Yes,,,No
Galaxy Z Flip,"2.9GHz, 2.4GHz, 1.7GHz",Octa-Core,,1080 x 2636 (FHD+),Dynamic AMOLED,16M,,,,,Yes,Yes,,10.0 MP,F2.4,No,Yes,UHD 4K (3840 x 2160) @60fps,"960fps @HD, 240fps @FHD",8,256,223.3,Dual-SIM,,SIM 1 + Embedded SIM,"2G GSM, 3G WCDMA, 3G TD-SCDMA, 4G LTE FDD, 4G LTE TDD","GSM850, GSM900, DCS1800, PCS1900","B1(2100), B2(1900), B4(AWS), B5(850), B8(900)","B1(2100), B2(1900), B3(1800), B4(AWS), B5(850), B7(2600), B8(900), B12(700), B13(700), B17(700), B18(800), B19(800), B20(800), B25(1900), B26(850), B28(700), B29(700), B30(2300), B66(AWS-3)","B34(2010), B38(2600), B39(1900), B40(2300), B41(2500)",,,USB Type-C,USB 2.0,"GPS, Glonass, Beidou, Galileo",USB Type-C,No,"802.11 a/b/g/n/ac 2.4G+5GHz, VHT80 MIMO",Yes,Bluetooth v5.0,Yes,,Smart Switch (PC version),Android,Folder,"Accelerometer, Barometer, Fingerprint Sensor, Gyro Sensor, Geomagnetic Sensor, Hall Sensor, RGB Light Sensor, Proximity Sensor",,183,Up to 13,Up to 13,Up to 18,3300,No,Up to 42,No,"MP4, M4V, 3GP, 3G2, WMV, ASF, AVI, FLV, MKV, WEBM",UHD 8K (7680 x 4320) @30fps,"MP3, M4A, 3GA, AAC, OGG, OGA, WAV, WMA, AMR, AWB, FLAC, MID, MIDI, XMF, MXMF, IMY, RTTTL, RTX, OTA, DFF, DSF, APE","Galaxy Buds, Galaxy Fit, Galaxy Fit e, Galaxy Watch, Galaxy Watch Active, Galaxy Watch Active2, Gear Fit, Gear Fit2, Gear Fit2 Pro, Gear Sport, Gear1, Gear2, Gear2 Neo, Gear S, Gear S2, Gear S3, Gear IconX, Gear IconX (2018)",No,,,No
Galaxy J2 Core <br> ,1.4GHz,Quad-Core,"126.4mm (5.0"")",540 x 960 (qHD),PLS TFT LCD,16M,,,,,Yes,,,5.0 MP,F2.2,,Yes,FHD (1920 x 1080) @30fps,,1,8,4.9,Dual-SIM,Micro-SIM (3FF),SIM 1 + SIM 2 + MicroSD,"2G GSM, 3G WCDMA, 4G LTE FDD","GSM850, GSM900, DCS1800","B1(2100), B5(850), B8(900)","B1(2100), B3(1800), B5(850), B7(2600), B8(900), B20(800)",,,,Micro USB,USB 2.0,"GPS, Glonass, Beidou",3.5mm Stereo,,802.11 b/g/n 2.4GHz,Yes,Bluetooth v4.2,No,,Smart Switch (PC version),Android,Touch Bar,"Accelerometer, Proximity Sensor",143.4 x 72.1 x 8.9,154,Up to 17,Up to 18,,,Yes,,,"MP4, M4V, 3GP, 3G2, MKV, WEBM",FHD (1920 x 1080) @30fps,"MP3, M4A, 3GA, AAC, OGG, OGA, WAV, AMR, FLAC, MID, MIDI, MXMF, IMY",,,,,No
Galaxy J4 Core,1.4GHz,Quad-Core,"152.6mm (6.0"")",1480 x 720 (HD+),TFT,16M,,,,,Yes,No,,5.0 MP,F2.2,No,Yes,FHD (1920 x 1080) @30fps,,1,16,12.1,Dual-SIM,Nano-SIM (4FF),SIM 1 + SIM 2 + MicroSD,"2G GSM, 3G WCDMA, 4G LTE FDD, 4G LTE TDD","GSM850, GSM900, DCS1800, PCS1900","B1(2100), B2(1900), B5(850), B8(900)","B1(2100), B3(1800), B5(850), B7(2600), B8(900), B20(800)","B38(2600), B40(2300), B41(2500)",,,Micro USB,USB 2.0,"GPS, Glonass, Beidou",3.5mm Stereo,No,802.11 b/g/n 2.4GHz,Yes,Bluetooth v4.2,No,,Smart Switch (PC version),Android,Touch Bar,"Accelerometer, Light Sensor, Proximity Sensor",160.6 x 76.1 x 7.9,177,Up to 18,Up to 19,,,No,,,"MP4, M4V, 3GP, 3G2, WMV, ASF, AVI, FLV, MKV, WEBM",FHD (1920 x 1080) @30fps,"MP3, M4A, 3GA, AAC, OGG, OGA, WAV, WMA, AMR, AWB, FLAC, MID, MIDI, XMF, MXMF, IMY, RTTTL, RTX, OTA",,,,,No
Galaxy J6+,1.4GHz,Quad-Core,"152.6mm (6.0"")",1480 x 720 (HD+),TFT,16M,,,,,Yes,No,,8.0 MP,F1.9,No,Yes,FHD (1920 x 1080) @30fps,,3,32,22.4,Dual-SIM,Nano-SIM (4FF),SIM 1 + SIM 2 + MicroSD,"2G GSM, 3G WCDMA, 4G LTE FDD, 4G LTE TDD","GSM850, GSM900, DCS1800, PCS1900","B1(2100), B2(1900), B5(850), B8(900)","B1(2100), B3(1800), B5(850), B7(2600), B8(900), B20(800)","B38(2600), B40(2300), B41(2500)",,,Micro USB,USB 2.0,"GPS, Glonass, Beidou",3.5mm Stereo,No,802.11 b/g/n 2.4GHz,Yes,Bluetooth v4.2,No,,Smart Switch (PC version),Android,Touch Bar,"Accelerometer, Fingerprint Sensor, Gyro Sensor, Geomagnetic Sensor, Light Sensor, Proximity Sensor",161.4 x 76.9 x 7.9,178,Up to 16,Up to 16,,,No,,,"MP4, M4V, 3GP, 3G2, WMV, ASF, AVI, FLV, MKV, WEBM",FHD (1920 x 1080) @30fps,"MP3, M4A, 3GA, AAC, OGG, OGA, WAV, WMA, AMR, AWB, FLAC, MID, MIDI, XMF, MXMF, IMY, RTTTL, RTX, OTA","Gear Circle (Manager Support), Gear Fit, Gear Fit2, Gear Fit2 Pro, Gear Sport, Gear1, Gear2, Gear2 Neo, Gear S, Gear S2, Gear S3, Gear S4, Gear IconX, Gear IconX2",,,,No
Galaxy J4+,1.4GHz,Quad-Core,"152.6mm (6.0"")",1480 x 720 (HD+),TFT,16M,,,,,Yes,No,,5.0 MP,F2.2,No,Yes,FHD (1920 x 1080) @30fps,,2,16,9.6,Dual-SIM,Nano-SIM (4FF),SIM 1 + SIM 2 + MicroSD,"2G GSM, 3G WCDMA, 4G LTE FDD, 4G LTE TDD","GSM850, GSM900, DCS1800, PCS1900","B1(2100), B2(1900), B5(850), B8(900)","B1(2100), B3(1800), B5(850), B7(2600), B8(900), B20(800)","B38(2600), B40(2300), B41(2500)",,,Micro USB,USB 2.0,"GPS, Glonass, Beidou",3.5mm Stereo,No,802.11 b/g/n 2.4GHz,Yes,Bluetooth v4.2,No,,Smart Switch (PC version),Android,Touch Bar,"Accelerometer, Light Sensor, Proximity Sensor",161.4 x 76.9 x 7.9,178,Up to 16,Up to 16,,,No,,,"MP4, M4V, 3GP, 3G2, WMV, ASF, AVI, FLV, MKV, WEBM",FHD (1920 x 1080) @30fps,"MP3, M4A, 3GA, AAC, OGG, OGA, WAV, WMA, AMR, AWB, FLAC, MID, MIDI, XMF, MXMF, IMY, RTTTL, RTX, OTA","Galaxy Watch, Gear Circle (Manager Support), Gear Fit, Gear Fit2, Gear Fit2 Pro, Gear Sport, Gear1, Gear2, Gear2 Neo, Gear S, Gear S2, Gear S3, Gear S4, Gear IconX, Gear IconX2",,,,No
Galaxy J8,1.8GHz,Octa-Core,"153.6mm (6.0"")",1480 x 720 (HD+),Super AMOLED,16M,,No,,,Yes,No,,16.0 MP,F1.9,No,Yes,FHD (1920 x 1080) @30fps,,4,64,51.2,Dual-SIM,Nano-SIM (4FF),SIM 1 + SIM 2 + MicroSD,"2G GSM, 3G WCDMA, 4G LTE FDD, 4G LTE TDD","GSM850, GSM900, DCS1800, PCS1900","B1(2100), B2(1900), B5(850), B8(900)","B1(2100), B3(1800), B5(850), B7(2600), B8(900), B20(800)","B38(2600), B40(2300)",,,Micro USB,USB 2.0,"GPS, Glonass, Beidou",3.5mm Stereo,No,802.11 b/g/n 2.4GHz,Yes,Bluetooth v4.2,No,,Smart Switch (PC version),Android,Touch Bar,"Accelerometer, Fingerprint Sensor, Hall Sensor, Proximity Sensor",159.2 x 75.7 x 8.2,177,Up to 13,Up to 14,,,No,,,"MP4, M4V, 3GP, 3G2, WMV, ASF, AVI, FLV, MKV, WEBM",FHD (1920 x 1080) @60fps,"MP3, M4A, 3GA, AAC, OGG, OGA, WAV, WMA, AMR, AWB, FLAC, MID, MIDI, XMF, MXMF, IMY, RTTTL, RTX, OTA","Gear Circle (Manager Support), Gear Fit, Gear Fit2, Gear Fit2 Pro, Gear Sport, Gear1, Gear2, Gear2 Neo, Gear S, Gear S2, Gear S3, Gear IconX",,,,No
Galaxy J6,1.6GHz,Octa-Core,"142.5mm (5.6"")",1480 x 720 (HD+),Super AMOLED,16M,,No,,,Yes,No,,8.0 MP,F1.9,No,Yes,FHD (1920 x 1080) @30fps,,3,32,24.2,Dual-SIM,Nano-SIM (4FF),SIM 1 + SIM 2 + MicroSD,"2G GSM, 3G WCDMA, 4G LTE FDD, 4G LTE TDD","GSM850, GSM900, DCS1800, PCS1900","B1(2100), B2(1900), B4(AWS), B5(850), B8(900)","B1(2100), B2(1900), B3(1800), B4(AWS), B5(850), B7(2600), B8(900), B12(700), B17(700), B20(800), B66(AWS-3)","B38(2600), B40(2300)",,,Micro USB,USB 2.0,"GPS, Glonass, Beidou",3.5mm Stereo,No,802.11 b/g/n 2.4GHz,Yes,Bluetooth v4.2,No,,Smart Switch (PC version),Android,Touch Bar,"Accelerometer, Fingerprint Sensor, Hall Sensor, Proximity Sensor",149.3 x 70.2 x 8.2,154,Up to 12,Up to 13,,,No,,,"MP4, M4V, 3GP, 3G2, WMV, ASF, AVI, FLV, MKV, WEBM",FHD (1920 x 1080) @60fps,"MP3, M4A, 3GA, AAC, OGG, OGA, WAV, WMA, AMR, AWB, FLAC, MID, MIDI, XMF, MXMF, IMY, RTTTL, RTX, OTA","Gear Circle (Manager Support), Gear Fit, Gear Fit2, Gear Fit2 Pro, Gear Sport, Gear1, Gear2, Gear2 Neo, Gear S, Gear S2, Gear S3, Gear IconX",,,,No
Galaxy J4,1.4GHz,Quad-Core,"139.5mm (5.5"")",720 x 1280 (HD),Super AMOLED,16M,,No,,,Yes,No,,5.0 MP,F2.2,No,Yes,FHD (1920 x 1080) @30fps,,2,16,9.6,Dual-SIM,Micro-SIM (3FF),SIM 1 + SIM 2 + MicroSD,"2G GSM, 3G WCDMA, 4G LTE FDD, 4G LTE TDD","GSM850, GSM900, DCS1800","B1(2100), B5(850), B8(900)","B1(2100), B3(1800), B5(850), B7(2600), B8(900), B20(800)","B38(2600), B40(2300)",,,Micro USB,USB 2.0,"GPS, Glonass, Beidou",3.5mm Stereo,No,802.11 b/g/n 2.4GHz,Yes,Bluetooth v4.2,No,,Smart Switch (PC version),Android,Touch Bar,"Accelerometer, Proximity Sensor",151.7 x 77.2 x 8.1,175,Up to 13,Up to 13,,,Yes,,,"MP4, M4V, 3GP, 3G2, WMV, ASF, AVI, FLV, MKV, WEBM",FHD (1920 x 1080) @30fps,"MP3, M4A, 3GA, AAC, OGG, OGA, WAV, WMA, AMR, AWB, FLAC, MID, MIDI, XMF, MXMF, IMY, RTTTL, RTX, OTA","Gear Circle (Manager Support), Gear Fit, Gear Fit2, Gear Fit2 Pro, Gear Sport, Gear1, Gear2, Gear2 Neo, Gear S, Gear S2, Gear S3, Gear IconX",,,,No
Galaxy J7 Core,1.6GHz,Octa-Core,,720 x 1280 (HD),Super AMOLED,16M,,No,,,Yes,No,,5.0 MP,F2.2,No,Yes,FHD (1920 x 1080) @30fps,,3,32 GB,24.0 GB,Dual-SIM,Micro-SIM (3FF),SIM 1 + SIM 2 + MicroSD,"2G GSM, 3G WCDMA, 4G LTE FDD, 4G LTE TDD","GSM850, GSM900, DCS1800, PCS1900","B1(2100), B2(1900), B5(850), B8(900)","B1(2100), B3(1800), B5(850), B7(2600), B8(900), B20(800)",B40(2300),,,Micro USB,USB 2.0,"GPS, Glonass, Beidou",3.5mm Stereo,No,802.11 b/g/n 2.4GHz,Yes,Bluetooth v4.1,No,,Smart Switch (PC version),Android,Touch Bar,"Accelerometer, Proximity Sensor",152.4 x 78.6 x 7.6,170,Up to 13,Up to 13,,,Yes,,,"MP4, M4V, 3GP, 3G2, WMV, ASF, AVI, FLV, MKV, WEBM",FHD (1920 x 1080) @30fps,"MP3, M4A, 3GA, AAC, OGG, OGA, WAV, WMA, AMR, AWB, FLAC, MID, MIDI, XMF, MXMF, IMY, RTTTL, RTX, OTA","Gear Circle (Manager Support), Gear Fit, Gear Fit2, Gear1, Gear2, Gear2 Neo, Gear S, Gear S2, Gear S3, Gear IconX",,,,No
Galaxy Grand Prime Pro,1.4GHz,Quad-Core,,540 x 960 (qHD),Super AMOLED,16M,,No,,,Yes,,,5.0 MP,F2.2,,Yes,FHD (1920 x 1080) @30fps,,1.5,16 GB,9.8 GB,Dual-SIM,Micro-SIM (3FF),SIM 1 + SIM 2 + MicroSD,"2G GSM, 3G WCDMA, 4G LTE FDD, 4G LTE TDD","GSM850, GSM900, DCS1800","B1(2100), B5(850), B8(900)","B1(2100), B3(1800), B5(850), B7(2600), B8(900), B20(800)","B38(2600), B40(2300)",,,Micro USB,USB 2.0,"GPS, Glonass, Beidou",3.5mm Stereo,No,802.11 b/g/n 2.4GHz,Yes,Bluetooth v4.2,No,,Smart Switch (PC version),Android,Touch Bar,"Accelerometer, Proximity Sensor",143.8 x 72.3 x 8.4,153,Up to 12,Up to 11,,,Yes,,,"MP4, M4V, 3GP, 3G2, WMV, ASF, AVI, FLV, MKV, WEBM",FHD (1920 x 1080) @30fps,"MP3, M4A, 3GA, AAC, OGG, OGA, WAV, WMA, AMR, AWB, FLAC, MID, MIDI, XMF, MXMF, IMY, RTTTL, RTX, OTA","Gear Circle (Manager Support), Gear Fit2, Gear S2, Gear S3, Gear IconX",,,,No
Galaxy J7 Core (2017),1.6GHz,Octa-Core,,720 x 1280 (HD),Super AMOLED,16M,,No,,,Yes,No,,5.0 MP,F2.2,No,Yes,FHD (1920 x 1080) @30fps,,2,16 GB,10.0 GB,Dual-SIM,Micro-SIM (3FF),SIM 1 + SIM 2 + MicroSD,"2G GSM, 3G WCDMA, 4G LTE FDD, 4G LTE TDD","GSM850, GSM900, DCS1800, PCS1900","B1(2100), B2(1900), B5(850), B8(900)","B1(2100), B3(1800), B5(850), B7(2600), B8(900), B20(800)",B40(2300),,,Micro USB,USB 2.0,"GPS, Glonass, Beidou",3.5mm Stereo,No,802.11 b/g/n 2.4GHz,Yes,Bluetooth v4.1,No,,Smart Switch (PC version),Android,Touch Bar,"Accelerometer, Proximity Sensor",152.4 x 78.6 x 7.6,170,Up to 13,Up to 13,,,Yes,,,"MP4, M4V, 3GP, 3G2, WMV, ASF, AVI, FLV, MKV, WEBM",FHD (1920 x 1080) @30fps,"MP3, M4A, 3GA, AAC, OGG, OGA, WAV, WMA, AMR, AWB, FLAC, MID, MIDI, XMF, MXMF, IMY, RTTTL, RTX, OTA","Gear Circle (Manager Support), Gear Fit, Gear Fit2, Gear1, Gear2, Gear2 Neo, Gear S, Gear S2, Gear S3, Gear IconX",,,,No
Galaxy J5 Pro (2017),1.6GHz,Octa-Core,,720 x 1280 (HD),Super AMOLED,16M,,No,,,Yes,,,CMOS 13.0 MP,F1.9,,Yes,FHD (1920 x 1080) @30fps,,2,16 GB,10.1 GB,Dual-SIM,Nano-SIM (4FF),SIM 1 + SIM 2 + MicroSD,"2G GSM, 3G WCDMA, 4G LTE FDD, 4G LTE TDD","GSM850, GSM900, DCS1800, PCS1900","B1(2100), B2(1900), B4(AWS), B5(850), B8(900)","B1(2100), B3(1800), B5(850), B7(2600), B8(900), B20(800)",B40(2300),,,Micro USB,USB 2.0,"GPS, Glonass, Beidou",3.5mm Stereo,No,802.11 a/b/g/n/ac 2.4+5GHz,Yes,Bluetooth v4.1,Yes,,Smart Switch (PC version),Android,Touch Bar,"Accelerometer, Fingerprint Sensor, Gyro Sensor, Geomagnetic Sensor, Hall Sensor, RGB Light Sensor, Proximity Sensor",146.2 x 71.3 x 8.0,160,Up to 13,Up to 14,,,No,,,"MP4, M4V, 3GP, 3G2, WMV, ASF, AVI, FLV, MKV, WEBM",FHD (1920 x 1080) @60fps,"MP3, M4A, 3GA, AAC, OGG, OGA, WAV, WMA, AMR, AWB, FLAC, MID, MIDI, XMF, MXMF, IMY, RTTTL, RTX, OTA","Gear Circle (Manager Support), Gear Fit2, Gear S2, Gear S3, Gear IconX",,,,No
Galaxy J7 Pro (2017),1.6GHz,Octa-Core,,1920 x 1080 (FHD),Super AMOLED,16M,,No,,,Yes,,,13.0 MP,F1.9,,Yes,FHD (1920 x 1080) @30fps,,3,16 GB,10.0 GB,Dual-SIM,Nano-SIM (4FF),SIM 1 + SIM 2 + MicroSD,"2G GSM, 3G WCDMA, 4G LTE FDD, 4G LTE TDD","GSM850, GSM900, DCS1800, PCS1900","B1(2100), B2(1900), B5(850), B8(900)","B1(2100), B3(1800), B5(850), B7(2600), B8(900), B20(800)",B40(2300),,,Micro USB,USB 2.0,"GPS, Glonass, Beidou",3.5mm Stereo,No,802.11 a/b/g/n/ac 2.4+5GHz,Yes,Bluetooth v4.1,Yes,,Smart Switch (PC version),Android,Touch Bar,"Accelerometer, Fingerprint Sensor, Gyro Sensor, Geomagnetic Sensor, Hall Sensor, RGB Light Sensor, Proximity Sensor",152.5 x 74.8 x 8.0,181,Up to 15,Up to 16,,,No,,,"MP4, M4V, 3GP, 3G2, WMV, ASF, AVI, FLV, MKV, WEBM",FHD (1920 x 1080) @60fps,"MP3, M4A, 3GA, AAC, OGG, OGA, WAV, WMA, AMR, AWB, FLAC, MID, MIDI, XMF, MXMF, IMY, RTTTL, RTX, OTA","Gear Circle (Manager Support), Gear Fit2, Gear S2, Gear S3, Gear IconX",,,,No
